編號,屋齡,建物移轉面積平方公尺,主要用途,主要建材,建築完成日期,總層數,建物分層,移轉情形
The serial number,room age,building shifting area square meter,the main use,main building materials,construction completes the date,total layer,building lamination,
RPWNMLNKNHKGFAI88CC,21,136.58,住商用,鋼骨造,93年10月15日,二層,,
RPWNMLTKNHKGFAI86CC,5,20.60,住家用,鋼筋混凝土構造,108年11月25日,五層,,
RPWNMLTKNHKGFAI86CC,5,5.73,共有部分項目有：管理維護空間、梯廳、樓梯間、管道間、過樑,鋼筋混凝土構造,108年11月25日,五層,,
RPUNMLQKNHKGFAI98CC,17,8.36,辦公室,鋼筋混凝土造,97年3月3日,四層,,
RPUNMLQKNHKGFAI98CC,17,5.66,共有部份,鋼筋混凝土造,97年3月3日,四層,,
RPXNMLTKNHKGFAI96CC,27,79.98,住家用,鋼筋混凝土造,87年3月19日,二十二層,,
RPOOMLQKNHKGFAI48CC,29,47.45,住家用,鋼筋混凝土造,85年3月11日,二十層,,
RPXNMLTKNHKGFAI96CC,27,16.85,共有部份,鋼筋混凝土造,87年3月19日,二十二層,,
RPOOMLQKNHKGFAI48CC,29,12.05,共有部份,鋼筋混凝土造,85年3月11日,二十層,,
RPXNMLTKNHKGFAI96CC,27,18.09,共有部份,鋼筋混凝土造,87年3月19日,二十二層,,
RPRNMLTKNHKGFAI98CC,2,19.83,住宅、樓梯間,鋼筋混凝土構造,112年5月18日,五層,,
RPOOMLTKNHKGFAI78CC,36,102.16,住家用,鋼筋混凝土造,78年7月3日,十二層,,
RPOOMLTKNHKGFAI78CC,36,10.20,共有部份,鋼筋混凝土造,78年7月3日,十二層,,
RPOOMLTKNHKGFAI78CC,36,10.91,共有部份,鋼筋混凝土造,78年7月3日,十二層,,
RPSNMLLLNHKGFAI38CC,7,9.50,集合住宅,鋼筋混凝土構造,107年8月2日,五層,,
RPSNMLLLNHKGFAI38CC,7,3.27,本共有部分之項目有機械室、樓梯間及水箱等３項,鋼筋混凝土構造,107年8月2日,五層,,
RPTNMLLLNHKGFAI48CC,7,9.62,集合住宅,鋼筋混凝土構造,107年8月2日,五層,,
RPTNMLTKNHKGFAI56CC,30,33.32,住家用,鋼筋混凝土造,84年10月13日,八層,,
RPVNMLQKNHKGFAI09CC,34,23.73,住家用,鋼筋混凝土造,79年12月8日,八層,,
RPTNMLLLNHKGFAI48CC,7,3.31,本共有部分之項目有機械室、樓梯間及水箱等３項,鋼筋混凝土構造,107年8月2日,五層,,
RPTNMLTKNHKGFAI56CC,30,9.35,共有部份,鋼筋混凝土造,84年10月13日,八層,,
RPVNMLQKNHKGFAI09CC,34,5.80,住家用,鋼筋混凝土造,79年12月8日,八層,,
RPOOMLKLNHKGFAI97CC,42,24.91,住家用,鋼筋混凝土造,72年8月2日,八層,,
RPQNMLKLNHKGFAI08CC,42,24.50,住家用,鋼筋混凝土造,72年8月2日,八層,,
RPWNMLQKNHKGFAI56CC,40,69.23,住家用,鋼筋混凝土造,73年11月29日,六層,,
RPWNMLQKNHKGFAI56CC,40,4.78,共有部份,鋼筋混凝土造,73年11月29日,六層,,
RPWNMLQKNHKGFAI56CC,40,7.83,共有部份,鋼筋混凝土造,73年11月29日,六層,,
RPRNMLKLNHKGFAI18CC,17,19.83,店舖、住宅、停車空間、私設騎樓,鋼筋混凝土造,97年7月24日,四層,,
RPUNMLKLNHKGFAI48CC,42,29.64,住家用,鋼筋混凝土造,72年8月2日,八層,,
RPTNMLQKNHKGFAI88CC,17,11.95,辦公室,鋼筋混凝土造,97年3月3日,四層,,
RPTNMLQKNHKGFAI88CC,17,7.76,共有部份,鋼筋混凝土造,97年3月3日,四層,,
RPRNMLLLNHKGFAI28CC,2,19.83,住宅、樓梯間,鋼筋混凝土構造,112年5月18日,五層,,
RPSNMLTKNHKGFAI09CC,29,53.96,住家用,鋼筋混凝土造,85年3月11日,二十層,,
RPSNMLTKNHKGFAI09CC,29,15.06,共有部份,鋼筋混凝土造,85年3月11日,二十層,,
RPVNMLTKNHKGFAI76CC,2,14.04,住宅、樓梯間,鋼筋混凝土構造,112年5月18日,五層,,
RPUNMLTKNHKGFAI66CC,37,128.60,住家用,加強磚造,77年5月23日,二層,,
RPPNMLNLNHKGFAI28CC,17,8.36,辦公室,鋼筋混凝土造,97年3月3日,四層,,
RPPNMLNLNHKGFAI28CC,17,5.66,共有部份,鋼筋混凝土造,97年3月3日,四層,,
RPSNMLMLNHKGFAI48CC,45,96.64,住家用,鋼筋混凝土加強磚造,68年11月23日,二層,,
RPRNMLMLNHKGFAI38CC,32,105.28,住家用,鋼筋混凝土造,82年6月23日,十二層,,
RPRNMLMLNHKGFAI38CC,32,12.60,共有部份,鋼筋混凝土造,82年6月23日,十二層,,
RPRNMLMLNHKGFAI38CC,32,16.89,共有部份,鋼筋混凝土造,82年6月23日,十三層,,
RPTOMLNLNHKGFAI78CC,28,107.95,住家用,鋼筋混凝土造,86年3月17日,十二層,,
RPTOMLNLNHKGFAI78CC,28,40.78,共有部份,鋼筋混凝土造,86年3月17日,十二層,,
RPPOMLNLNHKGFAI38CC,26,55.06,住家用,鋼筋混凝土造,88年4月21日,十四層,,
RPPOMLNLNHKGFAI38CC,26,24.01,共有部份,鋼筋混凝土造,88年4月21日,十四層,,
RPTOMLNLNHKGFAI78CC,28,21.37,共有部份,鋼筋混凝土造,86年3月17日,十二層,,
RPXOMLNLNHKGFAI56CC,32,96.66,住家用,鋼筋混凝土造,82年2月17日,六層,,
RPXOMLNLNHKGFAI56CC,32,17.26,共有部份,鋼筋混凝土造,82年2月17日,六層,,
RPRNMLNLNHKGFAI48CC,17,11.95,辦公室,鋼筋混凝土造,97年3月3日,四層,,
RPRNMLNLNHKGFAI48CC,17,7.76,共有部份,鋼筋混凝土造,97年3月3日,四層,,
RPWOMLNLNHKGFAI09CC,46,59.28,住家用,磚造,67年12月5日,一層,,
RPROMLNLNHKGFAI58CC,21,108.26,住家用,鋼筋混凝土造,93年11月3日,十四層,,
RPROMLNLNHKGFAI58CC,21,75.38,共有部份,鋼筋混凝土造,93年11月3日,十四層,,
RPPNMLQLNHKGFAI58CC,30,33.47,住家用,鋼筋混凝土造,84年10月3日,五層,,
RPPNMLQLNHKGFAI58CC,30,6.83,共有部份,鋼筋混凝土造,84年10月3日,五層,,
RPVNMLNLNHKGFAI88CC,33,71.88,住家用,鋼筋混凝土造,81年5月13日,七層,,
RPVNMLNLNHKGFAI88CC,33,21.99,共有部份,鋼筋混凝土造,81年5月13日,七層,,
RPRNMLQLNHKGFAI78CC,26,46.70,住家用,鋼筋混凝土造,88年4月21日,十四層,,
RPRNMLQLNHKGFAI78CC,26,20.14,共有部份,鋼筋混凝土造,88年4月21日,十四層,,
RPUNMLNLNHKGFAI78CC,39,86.99,住家用,鋼筋混凝土造,74年11月29日,五層,,
RPSNMLNLNHKGFAI58CC,17,8.36,辦公室,鋼筋混凝土造,97年3月3日,四層,,
RPSNMLNLNHKGFAI58CC,17,5.66,共有部份,鋼筋混凝土造,97年3月3日,四層,,
RPUNMLNLNHKGFAI78CC,39,15.69,共有部份,鋼筋混凝土造,74年11月29日,五層,,
RPUNMLNLNHKGFAI78CC,39,10.57,共有部份,鋼筋混凝土造,74年11月29日,五層,,
RPQNMLNLNHKGFAI38CC,1,42.17,集合住宅,鋼筋混凝土造,113年8月16日,八層,,
RPQNMLNLNHKGFAI38CC,1,12.62,本共有部分之項目有昇降機、機房、樓梯間、梯廳、安全梯及水箱等六項,鋼筋混凝土造,113年8月16日,八層,,
RPQNMLNLNHKGFAI38CC,1,57.13,本共有部分之項目有停車空間、防空避難室兼停車空間、管委會使用空間、昇降機、梯廳及安全梯等六項,鋼筋混凝土造,113年8月16日,八層,,
RPTNMLMLNHKGFAI58CC,40,30.64,住家用,鋼筋混凝土造,73年11月29日,六層,,
RPTNMLMLNHKGFAI58CC,40,6.24,共有部份,鋼筋混凝土造,73年11月29日,六層,,
RPTNMLMLNHKGFAI58CC,40,4.78,共有部份,鋼筋混凝土造,73年11月29日,六層,,
RPTNMLNLNHKGFAI68CC,7,9.50,集合住宅,鋼筋混凝土構造,107年8月2日,五層,,
RPTNMLNLNHKGFAI68CC,7,3.27,本共有部分之項目有機械室、樓梯間及水箱等３項,鋼筋混凝土構造,107年8月2日,五層,,
RPUOMLNLNHKGFAI88CC,33,105.42,住家用,鋼筋混凝土造,81年8月4日,十層,,
RPUOMLNLNHKGFAI88CC,33,22.51,共有部份,鋼筋混凝土造,81年8月4日,十層,,
RPUOMLNLNHKGFAI88CC,33,11.92,共有部份,鋼筋混凝土造,81年8月4日,十層,,
RPQOMLNLNHKGFAI48CC,30,34.53,住家用,鋼筋混凝土造,83年11月28日,十二層,,
RPQOMLNLNHKGFAI48CC,30,12.61,共有部份,鋼筋混凝土造,83年11月28日,十二層,,
RPOOMLNLNHKGFAI28CC,29,33.58,住家用,鋼筋混凝土造,85年3月11日,二十層,,
RPOOMLNLNHKGFAI28CC,29,16.57,共有部份,鋼筋混凝土造,85年3月11日,二十層,,
RPQNMLQLNHKGFAI68CC,31,101.58,住家用,鋼筋混凝土造,82年12月7日,七層,,
RPQNMLQLNHKGFAI68CC,31,43.07,共有部份,鋼筋混凝土造,82年12月7日,七層,,
RPPNMLRLNHKGFAI68CC,13,13.22,停車空間、店舖、住宅、梯間,鋼筋混凝土構造,101年7月6日,四層,,
RPQNMLMJOHKGFAI18CC,1,142.85,店舖、樓梯間,鋼筋混凝土造,113年4月19日,三層,,
RPTNMLNJOHKGFAI58CC,47,98.38,住商用,鋼筋混凝土加強磚造,67年10月14日,二層,,
RPSNMLQLNHKGFAI88CC,34,74.93,住家用,鋼筋混凝土造,80年10月30日,七層,,
RPSNMLQLNHKGFAI88CC,34,50.87,共有部份,鋼筋混凝土造,80年10月30日,七層,,
RPSNMLQLNHKGFAI88CC,34,23.17,共有部份,鋼筋混凝土造,80年10月30日,七層,,
RPTNMLRLNHKGFAI09CC,30,93.82,住家用,鋼筋混凝土造,84年2月11日,七層,,
RPTNMLRLNHKGFAI09CC,30,32.02,共有部份,鋼筋混凝土造,84年2月11日,七層,,
RPXNMLNJOHKGFAI98CC,58,57.79,住家用,木造,56年11月7日,一層,,
RPPNMLNJOHKGFAI18CC,29,47.45,住家用,鋼筋混凝土造,85年3月11日,二十層,,
RPPNMLNJOHKGFAI18CC,29,12.05,共有部份,鋼筋混凝土造,85年3月11日,二十層,,
RPOOMLNJOHKGFAI18CC,46,88.54,住家用,鋼筋混凝土造,68年11月22日,二層,,
RPRNMLRLNHKGFAI88CC,32,89.92,住家用,鋼筋混凝土造,82年10月21日,十二層,,
RPRNMLRLNHKGFAI88CC,32,31.17,共有部份,鋼筋混凝土造,82年10月21日,十二層,,
RPSNMLRLNHKGFAI98CC,26,46.70,住家用,鋼筋混凝土造,88年4月21日,十四層,,
RPSNMLRLNHKGFAI98CC,26,20.14,共有部份,鋼筋混凝土造,88年4月21日,十四層,,
RPRNMLNJOHKGFAI38CC,33,111.93,住家用,鋼筋混凝土造,81年8月28日,十層,,
RPRNMLNJOHKGFAI38CC,33,16.01,共有部份,鋼筋混凝土造,81年8月28日,十層,,
RPRNMLNJOHKGFAI38CC,33,25.53,共有部份,鋼筋混凝土造,81年8月28日,十六層,,
RPQNMLSLNHKGFAI88CC,17,8.36,辦公室,鋼筋混凝土造,97年3月3日,四層,,
RPQNMLSLNHKGFAI88CC,17,5.66,共有部份,鋼筋混凝土造,97年3月3日,四層,,
RPPNMLSLNHKGFAI78CC,31,40.00,住商用,鋼筋混凝土造,83年3月15日,五層,,
RPQNMLNJOHKGFAI28CC,26,56.96,住家用,鋼筋混凝土造,88年2月12日,十三層,,
RPQNMLNJOHKGFAI28CC,26,8.98,共有部份,鋼筋混凝土造,88年2月12日,十三層,,
RPQNMLNJOHKGFAI28CC,26,12.28,共有部份,鋼筋混凝土造,88年2月12日,十三層,,
RPUNMLRLNHKGFAI56CC,32,34.87,住家用,鋼筋混凝土造,82年6月9日,十六層,,
RPUNMLRLNHKGFAI56CC,32,5.74,共有部份,鋼筋混凝土造,82年6月9日,十六層,,
RPUNMLRLNHKGFAI56CC,32,7.51,共有部份,鋼筋混凝土造,82年6月9日,十六層,,
RPPOMLNJOHKGFAI28CC,32,27.35,住家用,鋼筋混凝土造,82年4月26日,六層,,
RPPOMLNJOHKGFAI28CC,32,4.16,共有部份,鋼筋混凝土造,82年4月26日,六層,,
RPPNMLMJOHKGFAI08CC,31,97.53,住家用,鋼筋混凝土造,82年12月7日,七層,,
RPPNMLMJOHKGFAI08CC,31,59.63,共有部份,鋼筋混凝土造,82年12月7日,七層,,
RPSNMLNJOHKGFAI48CC,30,25.24,住家用,鋼筋混凝土造,84年1月17日,十二層,,
RPSNMLNJOHKGFAI48CC,30,11.61,共有部份,鋼筋混凝土造,84年1月17日,十二層,,
RPPNMLOJOHKGFAI28CC,27,239.19,住商用,鋼筋混凝土造,86年12月30日,四層,,
RPWNMLNJOHKGFAI88CC,43,95.58,住家用,鋼筋混凝土造,71年11月16日,五層,,
RPOOMLOJOHKGFAI28CC,41,118.76,住家用,鋼筋混凝土加強磚造,73年3月7日,二層,,
RPWNMLNJOHKGFAI88CC,43,13.63,共有部份,鋼筋混凝土造,71年11月16日,五層,,
RPQOMLNJOHKGFAI38CC,30,107.32,住家用,鋼筋混凝土造,84年10月13日,十二層,,
RPPOMLOJOHKGFAI38CC,30,91.32,住家用,鋼筋混凝土造,84年8月16日,十九層,,
RPXNMLOJOHKGFAI09CC,31,103.53,住家用,鋼筋混凝土造,82年12月23日,十二層,,
RPQOMLNJOHKGFAI38CC,30,26.11,共有部份,鋼筋混凝土造,84年10月13日,十二層,,
RPPOMLOJOHKGFAI38CC,30,27.93,共有部份,鋼筋混凝土造,84年8月16日,十九層,,
RPXNMLOJOHKGFAI09CC,31,10.34,共有部份,鋼筋混凝土造,82年12月23日,十二層,,
RPXNMLOJOHKGFAI09CC,31,1.20,共有部份,鋼筋混凝土造,82年12月23日,十二層,,
RPXNMLOJOHKGFAI09CC,31,15.81,共有部份,鋼筋混凝土造,82年12月23日,十二層,,
RPUNMLNJOHKGFAI68CC,17,8.36,辦公室,鋼筋混凝土造,97年3月3日,四層,,
RPUNMLNJOHKGFAI68CC,17,5.66,共有部份,鋼筋混凝土造,97年3月3日,四層,,
RPROMLNJOHKGFAI48CC,28,35.34,住家用,鋼筋混凝土造,86年4月18日,十二層,,
RPROMLNJOHKGFAI48CC,28,10.76,共有部份,鋼筋混凝土造,86年4月18日,十二層,,
RPROMLNJOHKGFAI48CC,28,.90,共有部份,鋼筋混凝土造,86年4月18日,十二層,,
RPUOMLNJOHKGFAI78CC,52,77.54,倉庫,鋼筋混凝土加強磚造,62年10月15日,二層,,
RPSNMLOJOHKGFAI58CC,32,99.42,住家用,鋼筋混凝土造,82年11月25日,六層,,
RPSNMLOJOHKGFAI58CC,32,15.39,共有部份,鋼筋混凝土造,82年11月25日,六層,,
RPSNMLOJOHKGFAI58CC,32,21.38,共有部份,鋼筋混凝土造,82年11月25日,六層,,
RPTOMLNJOHKGFAI68CC,32,90.92,住家用,鋼筋混凝土造,82年10月18日,十四層,,
RPTOMLNJOHKGFAI68CC,32,27.96,共有部份,鋼筋混凝土造,82年10月18日,十四層,,
RPVOMLOJOHKGFAI98CC,35,170.33,住家用,鋼筋混凝土造,79年5月15日,三層,,
RPVOMLNJOHKGFAI88CC,1,62.26,店舖、樓梯間,鋼筋混凝土造,113年4月19日,三層,,
RPVNMLOJOHKGFAI88CC,36,158.18,住家用,鋼筋混凝土加強磚造,77年12月3日,二層,,
RPTNMLOJOHKGFAI68CC,34,24.92,住家用,鋼筋混凝土造,80年1月4日,六層,,
RPQOMLOJOHKGFAI48CC,29,16.21,商業用,鋼筋混凝土造,85年3月1日,十一層,,
RPTNMLOJOHKGFAI68CC,34,5.90,共有部份,鋼筋混凝土造,80年1月4日,六層,,
RPQOMLOJOHKGFAI48CC,29,7.94,共有部份,鋼筋混凝土造,85年3月1日,十一層,,
RPQOMLOJOHKGFAI48CC,29,4.47,共有部份,鋼筋混凝土造,85年3月1日,十一層,,
RPUNMLOJOHKGFAI78CC,44,105.35,住商用,鋼筋混凝土加強磚造,69年12月27日,二層,,
RPUOMLOJOHKGFAI88CC,31,34.53,住家用,鋼筋混凝土造,83年11月28日,十二層,,
RPPPMLOJOHKGFAI48CC,26,67.11,住家用,鋼筋混凝土造,88年7月17日,十一層,,
RPPPMLOJOHKGFAI48CC,26,9.30,共有部份,鋼筋混凝土造,88年7月17日,十一層,,
RPUOMLOJOHKGFAI88CC,31,12.61,共有部份,鋼筋混凝土造,83年11月28日,十二層,,
RPPPMLOJOHKGFAI48CC,26,9.32,共有部份,鋼筋混凝土造,88年7月17日,十二層,,
RPOPMLOJOHKGFAI38CC,33,39.02,住家用,鋼筋混凝土造,81年10月29日,十層,,
RPOPMLOJOHKGFAI38CC,33,2.00,共有部份,鋼筋混凝土造,81年10月29日,十層,,
RPOPMLOJOHKGFAI38CC,33,2.99,共有部份,鋼筋混凝土造,81年10月29日,十層,,
RPOPMLOJOHKGFAI38CC,33,5.93,共有部份,鋼筋混凝土造,81年10月29日,十層,,
RPROMLOJOHKGFAI58CC,29,71.94,住家用,鋼筋混凝土造,85年3月11日,二十層,,
RPROMLOJOHKGFAI58CC,29,19.58,共有部份,鋼筋混凝土造,85年3月11日,二十層,,
RPWOMLOJOHKGFAI09CC,2,57.41,集合住宅,鋼筋混凝土造,112年10月4日,五層,,
RPWOMLOJOHKGFAI09CC,2,25.33,本共有部分之項目有電信室、戶外安全梯電梯、停車空間、管理維護空間、樓梯間、水箱及無障礙廁所等７項,鋼筋混凝土造,112年10月4日,五層,,
RPSOMLPJOHKGFAI78CC,32,56.61,住家用,鋼筋混凝土造,82年6月23日,十三層,,
RPSOMLPJOHKGFAI78CC,32,6.73,共有部份,鋼筋混凝土造,82年6月23日,十三層,,
RPSOMLPJOHKGFAI78CC,32,8.94,共有部份,鋼筋混凝土造,82年6月23日,十三層,,
RPUOMLPJOHKGFAI98CC,7,9.50,集合住宅,鋼筋混凝土構造,107年8月2日,五層,,
RPTOMLPJOHKGFAI88CC,22,166.66,辦公室,鋼筋混凝土造,92年5月12日,十層,,
RPUOMLPJOHKGFAI98CC,7,3.27,本共有部分之項目有機械室、樓梯間及水箱等３項,鋼筋混凝土構造,107年8月2日,五層,,
RPTOMLPJOHKGFAI88CC,22,22.46,茶水間，電氣室,鋼筋混凝土造,92年5月12日,十層,,
RPTOMLPJOHKGFAI88CC,22,95.96,防空避難室兼停車空間，梯間，機械室,鋼筋混凝土造,92年5月12日,十層,,
RPXNMLPJOHKGFAI56CC,32,41.99,住家用,鋼筋混凝土造,82年2月19日,七層,,
RPXNMLPJOHKGFAI56CC,32,18.49,共有部份,鋼筋混凝土造,82年2月19日,七層,,
RPROMLPJOHKGFAI68CC,31,34.53,住家用,鋼筋混凝土造,83年11月28日,十二層,,
RPROMLPJOHKGFAI68CC,31,12.61,共有部份,鋼筋混凝土造,83年11月28日,十二層,,
RPPOMLPJOHKGFAI48CC,26,208.36,車庫、住宅,鋼筋混凝土造,88年3月4日,四層,,
RPOOMLPJOHKGFAI38CC,26,120.51,住家用,鋼筋混凝土造,88年4月21日,十四層,,
RPOOMLPJOHKGFAI38CC,26,46.48,共有部份,鋼筋混凝土造,88年4月21日,十四層,,
RPUNMLPJOHKGFAI88CC,35,159.80,住商用,鋼筋混凝土造,79年11月7日,七層,,
RPUNMLPJOHKGFAI88CC,35,17.06,共有部份,鋼筋混凝土造,79年11月7日,七層,,
RPWNMLPJOHKGFAI09CC,34,109.86,住家用,鋼筋混凝土造,80年3月22日,七層,,
RPWNMLPJOHKGFAI09CC,34,22.17,共有部份,鋼筋混凝土造,80年3月22日,七層,,
RPRNMLQJOHKGFAI68CC,49,40.25,住商用,鋼筋混凝土加強磚造,65年7月16日,三層,,
RPQPMLOJOHKGFAI58CC,29,108.77,住家用,鋼筋混凝土造,85年3月11日,二十層,,
RPQPMLOJOHKGFAI58CC,29,8.97,停車空間,鋼筋混凝土造,85年3月11日,二十層,,
RPQPMLOJOHKGFAI58CC,29,27.11,共有部份,鋼筋混凝土造,85年3月11日,二十層,,
RPQOMLPJOHKGFAI58CC,31,30.60,住家用,鋼筋混凝土造,83年11月28日,十二層,,
RPQOMLPJOHKGFAI58CC,31,10.74,共有部份,鋼筋混凝土造,83年11月28日,十二層,,
RPQNMLQJOHKGFAI58CC,30,23.37,住家用,鋼筋混凝土造,84年10月4日,十一層,,
RPQNMLQJOHKGFAI58CC,30,4.55,共有部份,鋼筋混凝土造,84年10月4日,十一層,,
RPQNMLQJOHKGFAI58CC,30,3.34,共有部份,鋼筋混凝土造,84年10月4日,十一層,,
RPPNMLRJOHKGFAI58CC,27,89.09,住家用,鋼筋混凝土造,87年3月19日,二十二層,,
RPPNMLRJOHKGFAI58CC,27,15.84,共有部份,鋼筋混凝土造,87年3月19日,二十二層,,
RPPNMLRJOHKGFAI58CC,27,19.39,共有部份,鋼筋混凝土造,87年3月19日,二十二層,,
RPSOMLOJOHKGFAI68CC,27,99.10,住家用,鋼筋混凝土造,87年6月11日,六層,,
RPSOMLOJOHKGFAI68CC,27,48.37,共有部份,鋼筋混凝土造,87年6月11日,六層,,
RPQNMLKKOHKGFAI08CC,48,90.75,住家用,鋼筋混凝土加強磚造,66年2月1日,二層,,
RPPNMLKKOHKGFAI97CC,30,87.63,住家用,鋼筋混凝土造,84年10月4日,十一層,,
RPPNMLKKOHKGFAI97CC,30,16.19,共有部份,鋼筋混凝土造,84年10月4日,十一層,,
RPPNMLKKOHKGFAI97CC,30,11.68,共有部份,鋼筋混凝土造,84年10月4日,十一層,,
RPSNMLKKOHKGFAI28CC,51,78.66,住家用,鋼筋混凝土加強磚造,63年5月6日,二層,,
RPVOMLPJOHKGFAI09CC,35,258.64,住商用,鋼筋混凝土造,79年10月2日,五層,,
RPPNMLQJOHKGFAI48CC,31,100.34,住家用,鋼筋混凝土造,83年1月27日,八層,,
RPPNMLQJOHKGFAI48CC,31,42.31,共有部份,鋼筋混凝土造,83年1月27日,八層,,
RPQNMLLKOHKGFAI18CC,17,8.36,辦公室,鋼筋混凝土造,97年3月3日,四層,,
RPQNMLLKOHKGFAI18CC,17,5.66,共有部份,鋼筋混凝土造,97年3月3日,四層,,
RPSNMLLKOHKGFAI38CC,7,9.62,集合住宅,鋼筋混凝土構造,107年8月2日,五層,,
RPSNMLLKOHKGFAI38CC,7,3.31,本共有部分之項目有機械室、樓梯間及水箱等３項,鋼筋混凝土構造,107年8月2日,五層,,
RPVNMLKKOHKGFAI58CC,47,58.82,住家用,鋼筋混凝土加強磚造,67年5月29日,一層,,
RPPNMLTJOHKGFAI78CC,27,59.97,住家用,鋼筋混凝土造,87年3月19日,二十二層,,
RPPNMLTJOHKGFAI78CC,27,11.52,共有部份,鋼筋混凝土造,87年3月19日,二十二層,,
RPPNMLTJOHKGFAI78CC,27,12.92,共有部份,鋼筋混凝土造,87年3月19日,二十二層,,
RPUNMLLKOHKGFAI58CC,30,126.12,住家用,鋼筋混凝土造,84年1月28日,十二層,,
RPUNMLLKOHKGFAI58CC,30,47.71,共有部份,鋼筋混凝土造,84年1月28日,十二層,,
RPRNMLLKOHKGFAI28CC,17,8.62,辦公室,鋼筋混凝土造,97年3月3日,四層,,
RPRNMLLKOHKGFAI28CC,17,5.80,共有部份,鋼筋混凝土造,97年3月3日,四層,,
RPWNMLKKOHKGFAI68CC,27,81.41,住家用,鋼筋混凝土造,87年3月19日,二十二層,,
RPWNMLKKOHKGFAI68CC,27,16.92,共有部份,鋼筋混凝土造,87年3月19日,二十二層,,
RPWNMLKKOHKGFAI68CC,27,18.09,共有部份,鋼筋混凝土造,87年3月19日,二十二層,,
RPPNMLNKOHKGFAI28CC,32,12.00,住家用,鋼筋混凝土造,82年2月27日,十四層,,
RPTOMLKKOHKGFAI48CC,32,108.05,住家用,鋼筋混凝土造,82年11月5日,七層,,
RPTOMLKKOHKGFAI48CC,31,8.59,共有部份,鋼筋混凝土造,82年11月25日,七層,,
RPPNMLMKOHKGFAI18CC,17,54.15,車庫、住宅、樓梯間,鋼筋混凝土造,97年6月6日,四層,,
RPTOMLKKOHKGFAI48CC,31,10.33,共有部份,鋼筋混凝土造,82年11月25日,七層,,
RPSOMLKKOHKGFAI38CC,41,79.26,國民住宅,鋼筋混凝土造,73年2月20日,五層,,
RPSOMLKKOHKGFAI38CC,41,9.19,共有部份,鋼筋混凝土造,73年2月20日,五層,,
RPTNMLLKOHKGFAI48CC,31,147.19,住商用,鋼筋混凝土造,83年7月1日,十四層,,
RPTNMLLKOHKGFAI48CC,31,23.61,共有部份,鋼筋混凝土造,83年7月1日,十四層,,
RPTNMLLKOHKGFAI48CC,31,17.77,共有部份,鋼筋混凝土造,83年7月1日,十四層,,
RPPOMLKKOHKGFAI08CC,31,24.15,住家用,鋼筋混凝土造,83年3月22日,九層,,
RPPOMLKKOHKGFAI08CC,31,13.01,共有部份,鋼筋混凝土造,83年3月22日,九層,,
RPQNMLNKOHKGFAI38CC,32,25.64,住家用,鋼筋混凝土造,82年1月11日,七層,,
RPQNMLNKOHKGFAI38CC,32,8.23,共有部份,鋼筋混凝土造,82年1月11日,七層,,
RPROMLKKOHKGFAI28CC,32,78.66,住家用,鋼筋混凝土造,82年6月16日,六層,,
RPROMLKKOHKGFAI28CC,32,14.89,共有部份,鋼筋混凝土造,82年6月16日,六層,,
RPROMLKKOHKGFAI28CC,32,9.77,共有部份,鋼筋混凝土造,82年6月16日,六層,,
RPPNMLLKOHKGFAI08CC,17,8.36,辦公室,鋼筋混凝土造,97年3月3日,四層,,
RPPNMLLKOHKGFAI08CC,17,5.66,共有部份,鋼筋混凝土造,97年3月3日,四層,,
RPTNMLKKOHKGFAI38CC,29,34.25,住家用,鋼筋混凝土造,85年5月10日,十層,,
RPTNMLKKOHKGFAI38CC,29,10.36,共有部份,鋼筋混凝土造,85年5月10日,十層,,
RPVNMLNKOHKGFAI88CC,50,90.38,住家用,鋼筋混凝土磚造,63年11月27日,二層,,
RPWNMLNKOHKGFAI98CC,29,47.26,住家用,鋼筋混凝土造,85年6月18日,七層,,
RPWNMLNKOHKGFAI98CC,29,16.72,共有部份,鋼筋混凝土造,85年6月18日,七層,,
RPUNMLKKOHKGFAI48CC,2,57.14,集合住宅,鋼筋混凝土造,112年10月4日,五層,,
RPUNMLKKOHKGFAI48CC,2,25.33,本共有部分之項目有電信室、戶外安全梯電梯、停車空間、管理維護空間、樓梯間、水箱及無障礙廁所等７項,鋼筋混凝土造,112年10月4日,五層,,
RPSNMLNKOHKGFAI58CC,55,90.00,住家用,鋼筋混凝土補強磚造,59年7月9日,二層,,
RPTNMLNKOHKGFAI68CC,50,87.86,住家用,鋼筋混凝土磚造,63年11月27日,二層,,
RPRNMLNKOHKGFAI48CC,7,9.62,集合住宅,鋼筋混凝土構造,107年8月2日,五層,,
RPRNMLNKOHKGFAI48CC,7,3.31,本共有部分之項目有機械室、樓梯間及水箱等３項,鋼筋混凝土構造,107年8月2日,五層,,
RPQOMLQKOHKGFAI78CC,31,34.53,住家用,鋼筋混凝土造,83年11月28日,十二層,,
RPQOMLQKOHKGFAI78CC,31,12.61,共有部份,鋼筋混凝土造,83年11月28日,十二層,,
RPUOMLQKOHKGFAI56CC,40,120.82,住家用,加強磚造,74年11月11日,二層,,
RPSOMLNKOHKGFAI68CC,1,31.96,集合住宅,鋼筋混凝土造,113年11月26日,六層,,
RPSOMLNKOHKGFAI68CC,1,40.85,本共有部分之項目有停車空間、防空避難室兼停車空間、樓梯間、升降梯間、水箱、管委會空間、管道間、梯廳、安全梯及電梯等１０項,鋼筋混凝土造,113年11月26日,六層,,
RPSOMLQKOHKGFAI98CC,41,19.04,住家用,鋼筋混凝土造,73年7月27日,十層,,
RPXNMLNKOHKGFAI09CC,37,30.57,住家用,鋼筋混凝土造,77年9月24日,十層,,
RPSOMLQKOHKGFAI98CC,41,3.00,共有部份,鋼筋混凝土造,73年7月27日,十層,,
RPXNMLNKOHKGFAI09CC,37,2.67,共有部份,鋼筋混凝土造,77年9月24日,十層,,
RPSOMLQKOHKGFAI98CC,41,1.99,共有部份,鋼筋混凝土造,73年7月27日,十層,,
RPXNMLNKOHKGFAI09CC,37,3.96,共有部份,鋼筋混凝土造,77年9月24日,十層,,
RPPNMLQKOHKGFAI58CC,34,70.40,住商用,鋼造,80年8月30日,二層,,
RPQOMLNKOHKGFAI48CC,10,20.00,店舖、住宅,鋼筋混凝土構造,104年11月10日,五層,,
RPSNMLQKOHKGFAI88CC,42,35.81,住家用,鋼筋混凝土造,72年7月8日,五層,,
RPSNMLQKOHKGFAI88CC,42,3.80,共有部份,鋼筋混凝土造,72年7月8日,五層,,
RPSNMLQKOHKGFAI88CC,42,2.67,共有部份,鋼筋混凝土造,72年7月8日,五層,,
RPTOMLQKOHKGFAI09CC,32,209.38,住商用,鋼筋混凝土造,82年10月8日,四層,,
RPUNMLQKOHKGFAI09CC,32,18.24,住家用,鋼筋混凝土造,82年6月9日,十二層,,
RPUNMLQKOHKGFAI09CC,32,3.41,共有部份,鋼筋混凝土造,82年6月9日,十二層,,
RPUNMLQKOHKGFAI09CC,32,5.28,共有部份,鋼筋混凝土造,82年6月9日,十二層,,
RPOOMLQKOHKGFAI58CC,47,74.64,住商用,鋼筋混凝土造,67年9月8日,二層,,
RPVNMLQKOHKGFAI56CC,42,104.69,住家用,鋼筋混凝土造,72年3月31日,五層,,
RPVNMLQKOHKGFAI56CC,42,7.52,共有部份,鋼筋混凝土造,72年3月31日,五層,,
RPWOMLQKOHKGFAI76CC,30,50.34,商業用,鋼筋混凝土造,84年7月24日,十四層,,
RPWOMLQKOHKGFAI76CC,30,13.84,共有部份,鋼筋混凝土造,84年7月24日,十四層,,
RPWOMLQKOHKGFAI76CC,30,10.71,共有部份,鋼筋混凝土造,84年7月24日,十四層,,
RPXNMLQKOHKGFAI76CC,33,97.60,住家用,鋼筋混凝土造,81年8月24日,七層,,
RPXNMLQKOHKGFAI76CC,33,23.88,共有部份,鋼筋混凝土造,81年8月24日,七層,,
RPOOMLNKOHKGFAI28CC,7,9.50,集合住宅,鋼筋混凝土構造,107年8月2日,五層,,
RPOOMLNKOHKGFAI28CC,7,3.27,本共有部分之項目有機械室、樓梯間及水箱等３項,鋼筋混凝土構造,107年8月2日,五層,,
RPROMLQKOHKGFAI88CC,40,85.46,住家用,鋼筋混凝土加強磚造,74年4月10日,二層,,
RPPOMLNKOHKGFAI38CC,27,86.26,住家用,鋼筋混凝土造,87年3月19日,二十二層,,
RPPOMLNKOHKGFAI38CC,27,15.59,共有部份,鋼筋混凝土造,87年3月19日,二十二層,,
RPPOMLNKOHKGFAI38CC,27,18.09,共有部份,鋼筋混凝土造,87年3月19日,二十二層,,
RPQNMLQKOHKGFAI68CC,2,14.04,住宅、樓梯間,鋼筋混凝土構造,112年5月18日,五層,,
RPRNMLRKOHKGFAI88CC,36,62.65,住家用,鋼筋混凝土造,78年10月12日,二層,,
RPVOMLQKOHKGFAI66CC,33,84.66,住家用,鋼筋混凝土造,81年7月2日,五層,,
RPVOMLQKOHKGFAI66CC,33,14.30,共有部份,鋼筋混凝土造,81年7月2日,五層,,
RPXOMLQKOHKGFAI86CC,32,147.90,住家用,鋼筋混凝土造,82年6月30日,九層,,
RPXOMLQKOHKGFAI86CC,32,39.56,共有部份,鋼筋混凝土造,82年6月30日,九層,,
RPQNMLRKOHKGFAI78CC,17,8.36,辦公室,鋼筋混凝土造,97年3月3日,四層,,
RPQNMLRKOHKGFAI78CC,17,5.66,共有部份,鋼筋混凝土造,97年3月3日,四層,,
RPSNMLTKOHKGFAI56CC,51,84.81,住家用,鋼筋混凝土加強磚造,63年10月4日,三層,,
RPVNMLTKOHKGFAI86CC,41,31.21,住家用,鋼筋混凝土造,73年11月29日,六層,,
RPVNMLTKOHKGFAI86CC,41,6.24,共有部份,鋼筋混凝土造,73年11月29日,六層,,
RPVNMLTKOHKGFAI86CC,41,4.78,共有部份,鋼筋混凝土造,73年11月29日,六層,,
RPPNMLKLOHKGFAI08CC,33,109.44,住家用,鋼筋混凝土造,81年11月14日,七層,,
RPQNMLTKOHKGFAI98CC,30,87.96,住家用,鋼筋混凝土造,83年12月23日,九層,,
RPQNMLTKOHKGFAI98CC,30,27.42,共有部份,鋼筋混凝土造,83年12月23日,九層,,
RPPNMLKLOHKGFAI08CC,33,14.47,共有部份,鋼筋混凝土造,81年11月14日,七層,,
RPQNMLTKOHKGFAI98CC,30,19.62,共有部份,鋼筋混凝土造,83年12月23日,九層,,
RPVNMLKLOHKGFAI68CC,31,91.97,住家用,鋼筋混凝土造,83年4月6日,十二層,,
RPTNMLKLOHKGFAI48CC,26,101.29,住家用,鋼筋混凝土造,88年11月29日,十二層,,
RPPNMLKLOHKGFAI08CC,33,25.45,共有部份,鋼筋混凝土造,81年11月14日,七層,,
RPUNMLTKOHKGFAI76CC,42,107.02,住家用,鋼筋混凝土造,72年8月25日,九層,,
RPVNMLKLOHKGFAI68CC,31,16.22,共有部份,鋼筋混凝土造,83年4月6日,十二層,,
RPTNMLKLOHKGFAI48CC,26,14.61,共有部份,鋼筋混凝土造,88年11月29日,十二層,,
RPUNMLTKOHKGFAI76CC,42,16.62,共有部份,鋼筋混凝土造,72年8月25日,九層,,
RPVNMLKLOHKGFAI68CC,31,11.01,共有部份,鋼筋混凝土造,83年4月6日,十二層,,
RPTNMLKLOHKGFAI48CC,26,26.47,共有部份,鋼筋混凝土造,88年11月29日,十二層,,
RPUNMLTKOHKGFAI76CC,42,5.18,共有部份,鋼筋混凝土造,72年8月25日,九層,,
RPVNMLRKOHKGFAI66CC,33,69.12,住家用,鋼筋混凝土造,81年8月28日,十層,,
RPSNMLKLOHKGFAI38CC,49,40.25,住商用,鋼筋混凝土加強磚造,65年7月16日,三層,,
RPVNMLRKOHKGFAI66CC,33,20.47,共有部份,鋼筋混凝土造,81年8月28日,十層,,
RPQNMLKLOHKGFAI18CC,49,94.11,住家用,鋼筋混凝土加強磚造,65年4月20日,二層,,
RPRNMLTKOHKGFAI09CC,32,41.14,住家用,鋼筋混凝土造,82年6月9日,十六層,,
RPRNMLTKOHKGFAI09CC,32,6.70,共有部份,鋼筋混凝土造,82年6月9日,十六層,,
RPRNMLTKOHKGFAI09CC,32,11.51,共有部份,鋼筋混凝土造,82年6月9日,十六層,,
RPQNMLSKOHKGFAI88CC,57,65.87,住家用,鋼筋補強磚木造,57年7月18日,一層,,
RPSNMLRKOHKGFAI98CC,17,8.62,辦公室,鋼筋混凝土造,97年3月3日,四層,,
RPSNMLRKOHKGFAI98CC,17,5.80,共有部份,鋼筋混凝土造,97年3月3日,四層,,
RPPNMLSKOHKGFAI78CC,17,8.62,辦公室,鋼筋混凝土造,97年3月3日,四層,,
RPPNMLSKOHKGFAI78CC,17,5.80,共有部份,鋼筋混凝土造,97年3月3日,四層,,
RPRNMLSKOHKGFAI98CC,32,56.61,住家用,鋼筋混凝土造,82年6月23日,十三層,,
RPRNMLSKOHKGFAI98CC,32,6.73,共有部份,鋼筋混凝土造,82年6月23日,十三層,,
RPRNMLSKOHKGFAI98CC,32,8.94,共有部份,鋼筋混凝土造,82年6月23日,十三層,,
RPRNMLKLOHKGFAI28CC,36,19.25,住家用,鋼筋混凝土造,78年2月3日,七層,,
RPRNMLKLOHKGFAI28CC,36,9.06,共有部份,鋼筋混凝土造,78年2月3日,七層,,
RPTNMLRKOHKGFAI09CC,17,8.36,辦公室,鋼筋混凝土造,97年3月3日,四層,,
RPTNMLRKOHKGFAI09CC,17,5.66,共有部份,鋼筋混凝土造,97年3月3日,四層,,
RPUNMLKLOHKGFAI58CC,36,121.61,住家用,鋼筋混凝土造,78年3月24日,二層,,
RPTNMLTKOHKGFAI66CC,57,76.38,住家用,木造,57年3月20日,一層,,
RPWNMLKLOHKGFAI78CC,32,66.83,住家用,鋼筋混凝土造,82年1月5日,十二層,,
RPWNMLKLOHKGFAI78CC,32,16.05,共有部份,鋼筋混凝土造,82年1月5日,十二層,,
RPWNMLKLOHKGFAI78CC,32,3.33,共有部份,鋼筋混凝土造,82年1月5日,十二層,,
RPQNMLPJOHKGFAI58DC,39,237.51,住商用,鋼筋混凝土造,74年11月28日,三層,,
RPUNMLPLOHKGFAI09CC,29,36.62,住家用,鋼筋混凝土造,85年6月18日,七層,,
RPOOMLKLOHKGFAI08CC,32,68.82,住家用,鋼筋混凝土造,82年5月25日,十層,,
RPUNMLPLOHKGFAI09CC,29,13.28,共有部份,鋼筋混凝土造,85年6月18日,七層,,
RPOOMLKLOHKGFAI08CC,32,10.59,共有部份,鋼筋混凝土造,82年5月25日,十層,,
RPPNMLPLOHKGFAI58CC,25,60.63,車庫、住宅,鋼筋混凝土造,89年10月26日,五層,,
RPOOMLKLOHKGFAI08CC,32,8.98,共有部份,鋼筋混凝土造,82年5月25日,十層,,
RPTNMLNLOHKGFAI78CC,31,40.75,住商用,鋼筋混凝土造,83年4月9日,五層,,
RPRNMLNLOHKGFAI58CC,18,135.88,住家用,鋼筋混凝土造,96年8月8日,四層,,
RPROMLKLOHKGFAI38CC,17,8.36,辦公室,鋼筋混凝土造,97年3月3日,四層,,
RPROMLKLOHKGFAI38CC,17,5.66,共有部份,鋼筋混凝土造,97年3月3日,四層,,
RPUOMLKLOHKGFAI68CC,7,9.62,集合住宅,鋼筋混凝土構造,107年8月2日,五層,,
RPUOMLKLOHKGFAI68CC,7,3.31,本共有部分之項目有機械室、樓梯間及水箱等３項,鋼筋混凝土構造,107年8月2日,五層,,
RPWOMLKLOHKGFAI88CC,27,81.45,住家用,鋼筋混凝土造,87年3月19日,二十二層,,
RPVOMLKLOHKGFAI78CC,27,86.26,住家用,鋼筋混凝土造,87年3月19日,二十二層,,
RPWOMLKLOHKGFAI88CC,27,17.07,共有部份,鋼筋混凝土造,87年3月19日,二十二層,,
RPVOMLKLOHKGFAI78CC,27,15.59,共有部份,鋼筋混凝土造,87年3月19日,二十二層,,
RPQNMLPLOHKGFAI68CC,35,34.52,住家用,鋼筋混凝土造,79年5月22日,六層,,
RPWOMLKLOHKGFAI88CC,27,18.09,共有部份,鋼筋混凝土造,87年3月19日,二十二層,,
RPVOMLKLOHKGFAI78CC,27,18.09,共有部份,鋼筋混凝土造,87年3月19日,二十二層,,
RPQNMLPLOHKGFAI68CC,35,13.58,共有部份,鋼筋混凝土造,79年5月22日,六層,,
RPRNMLPLOHKGFAI78CC,22,113.07,住家用,鋼筋混凝土造,92年3月17日,十三層,,
RPRNMLPLOHKGFAI78CC,22,63.04,共有部份,鋼筋混凝土造,92年3月17日,十四層,,
RPVNMLPLOHKGFAI56CC,43,74.98,國民住宅,鋼筋混凝土造,71年5月3日,五層,,
RPVNMLPLOHKGFAI56CC,43,7.65,共有部份,鋼筋混凝土造,71年5月3日,五層,,
RPPOMLKLOHKGFAI18CC,40,113.82,住家用,加強磚造,74年11月11日,二層,,
RPSNMLPLOHKGFAI88CC,52,84.32,騎樓、住房,鋼筋混凝土磚造,62年4月11日,二層,,
RPSOMLKLOHKGFAI48CC,17,8.36,辦公室,鋼筋混凝土造,97年3月3日,四層,,
RPQOMLKLOHKGFAI28CC,17,8.36,辦公室,鋼筋混凝土造,97年3月3日,四層,,
RPTOMLKLOHKGFAI58CC,7,9.50,集合住宅,鋼筋混凝土構造,107年8月2日,五層,,
RPQOMLKLOHKGFAI28CC,17,5.66,共有部份,鋼筋混凝土造,97年3月3日,四層,,
RPTOMLKLOHKGFAI58CC,7,3.27,本共有部分之項目有機械室、樓梯間及水箱等３項,鋼筋混凝土構造,107年8月2日,五層,,
RPSOMLKLOHKGFAI48CC,17,5.66,共有部份,鋼筋混凝土造,97年3月3日,四層,,
RPSNMLNLOHKGFAI68CC,63,72.00,住商用,鋼筋混凝土造,51年12月17日,二層,,
RPWNMLPLOHKGFAI66CC,32,17.05,住家用,鋼筋混凝土造,82年10月12日,七層,,
RPTNMLPLOHKGFAI98CC,32,33.08,住家用,鋼筋混凝土造,82年1月11日,七層,,
RPWNMLPLOHKGFAI66CC,32,7.29,共有部份,鋼筋混凝土造,82年10月12日,七層,,
RPTNMLPLOHKGFAI98CC,32,9.56,共有部份,鋼筋混凝土造,82年1月11日,七層,,
RPPNMLQLOHKGFAI68CC,36,120.79,住家用,鋼筋混凝土造,78年7月3日,十二層,,
RPPNMLQLOHKGFAI68CC,36,16.37,共有部份,鋼筋混凝土造,78年7月3日,十二層,,
RPPNMLQLOHKGFAI68CC,36,13.02,共有部份,鋼筋混凝土造,78年7月3日,十二層,,
RPXNMLPLOHKGFAI76CC,27,59.97,住家用,鋼筋混凝土造,87年3月19日,二十二層,,
RPXNMLPLOHKGFAI76CC,27,11.52,共有部份,鋼筋混凝土造,87年3月19日,二十二層,,
RPXNMLPLOHKGFAI76CC,27,12.92,共有部份,鋼筋混凝土造,87年3月19日,二十二層,,
RPSNMLQLOHKGFAI98CC,17,8.36,辦公室,鋼筋混凝土造,97年3月3日,四層,,
RPVNMLQLOHKGFAI66CC,7,9.79,集合住宅,鋼筋混凝土構造,107年8月2日,五層,,
RPSNMLQLOHKGFAI98CC,17,5.66,共有部份,鋼筋混凝土造,97年3月3日,四層,,
RPVNMLQLOHKGFAI66CC,7,3.37,本共有部分之項目有機械室、樓梯間及水箱等３項,鋼筋混凝土構造,107年8月2日,五層,,
RPWNMLRLOHKGFAI86CC,29,47.45,住家用,鋼筋混凝土造,85年3月11日,二十層,,
RPQNMLRLOHKGFAI88CC,45,46.26,住家用,鋼筋混凝土造,69年3月12日,二層,,
RPPNMLRLOHKGFAI78CC,36,32.24,住家用,鋼筋混凝土造,78年1月17日,七層,,
RPWNMLRLOHKGFAI86CC,29,12.05,共有部份,鋼筋混凝土造,85年3月11日,二十層,,
RPPNMLRLOHKGFAI78CC,36,5.06,共有部份,鋼筋混凝土造,78年1月17日,七層,,
RPRNMLQLOHKGFAI88CC,28,97.83,住家用,鋼筋混凝土造,86年7月9日,九層,,
RPPNMLKMOHKGFAI18CC,27,107.49,住家用,鋼筋混凝土造,87年3月19日,二十二層,,
RPPNMLKMOHKGFAI18CC,27,19.77,共有部份,鋼筋混凝土造,87年3月19日,二十二層,,
RPRNMLQLOHKGFAI88CC,28,32.64,共有部份,鋼筋混凝土造,86年7月9日,九層,,
RPPNMLKMOHKGFAI18CC,27,23.26,共有部份,鋼筋混凝土造,87年3月19日,二十二層,,
RPRNMLRLOHKGFAI98CC,33,49.63,住家用,鋼筋混凝土造,81年2月24日,七層,,
RPRNMLRLOHKGFAI98CC,33,18.28,共有部份,鋼筋混凝土造,81年2月24日,七層,,
RPRNMLKMOHKGFAI38CC,31,30.86,住商用,鋼筋混凝土造,83年7月8日,五層,,
RPUNMLQLOHKGFAI56CC,7,9.50,集合住宅,鋼筋混凝土構造,107年8月2日,五層,,
RPUNMLQLOHKGFAI56CC,7,3.27,本共有部分之項目有機械室、樓梯間及水箱等３項,鋼筋混凝土構造,107年8月2日,五層,,
RPWNMLQLOHKGFAI76CC,7,9.62,集合住宅,鋼筋混凝土構造,107年8月2日,五層,,
RPWNMLQLOHKGFAI76CC,7,3.31,本共有部分之項目有機械室、樓梯間及水箱等３項,鋼筋混凝土構造,107年8月2日,五層,,
RPXNMLQLOHKGFAI86CC,1,110.25,批發場所（一般批發）,鋼骨造,113年5月28日,一層,,
RPVNMLRLOHKGFAI76CC,29,57.58,住家用,鋼筋混凝土造,85年6月18日,九層,,
RPVNMLRLOHKGFAI76CC,29,28.43,共有部份,鋼筋混凝土造,85年6月18日,九層,,
RPPOMLQLOHKGFAI78CC,7,9.62,集合住宅,鋼筋混凝土構造,107年8月2日,五層,,
RPPOMLQLOHKGFAI78CC,7,3.31,本共有部分之項目有機械室、樓梯間及水箱等３項,鋼筋混凝土構造,107年8月2日,五層,,
RPOOMLQLOHKGFAI68CC,7,9.62,集合住宅,鋼筋混凝土構造,107年8月2日,五層,,
RPXNMLRLOHKGFAI96CC,29,23.47,住家用,鋼筋混凝土造,85年6月18日,九層,,
RPSNMLRLOHKGFAI09CC,30,78.95,住家用,鋼筋混凝土造,83年12月31日,十二層,,
RPXNMLRLOHKGFAI96CC,29,9.17,共有部份,鋼筋混凝土造,85年6月18日,九層,,
RPOOMLQLOHKGFAI68CC,7,3.31,本共有部分之項目有機械室、樓梯間及水箱等３項,鋼筋混凝土構造,107年8月2日,五層,,
RPSNMLRLOHKGFAI09CC,30,31.78,共有部份,鋼筋混凝土造,83年12月31日,十二層,,
RPTNMLQLOHKGFAI09CC,17,8.36,辦公室,鋼筋混凝土造,97年3月3日,四層,,
RPTNMLQLOHKGFAI09CC,17,5.66,共有部份,鋼筋混凝土造,97年3月3日,四層,,
RPUNMLRLOHKGFAI66CC,31,102.15,住家用,鋼筋混凝土造,83年7月1日,十四層,,
RPUNMLRLOHKGFAI66CC,31,16.86,共有部份,鋼筋混凝土造,83年7月1日,十四層,,
RPUNMLRLOHKGFAI66CC,31,12.33,共有部份,鋼筋混凝土造,83年7月1日,十四層,,
RPQOMLQLOHKGFAI88CC,7,9.50,集合住宅,鋼筋混凝土構造,107年8月2日,五層,,
RPQOMLQLOHKGFAI88CC,7,3.27,本共有部分之項目有機械室、樓梯間及水箱等３項,鋼筋混凝土構造,107年8月2日,五層,,
RPSNMLKMOHKGFAI48CC,32,69.52,住家用,鋼筋混凝土造,82年7月2日,六層,,
RPSNMLKMOHKGFAI48CC,32,33.38,共有部份,鋼筋混凝土造,82年7月2日,六層,,
RPSNMLMJPHKGFAI48CC,31,145.28,住商用,鋼筋混凝土造,83年5月25日,十二層,,
RPSNMLMJPHKGFAI48CC,31,20.89,共有部份,鋼筋混凝土造,83年5月25日,十二層,,
RPTNMLMJPHKGFAI58CC,30,32.73,住家用,鋼筋混凝土造,84年5月19日,十五層,,
RPOOMLMJPHKGFAI18CC,34,27.18,住家用,鋼筋混凝土造,80年11月8日,十二層,,
RPOOMLMJPHKGFAI18CC,34,8.52,共有部份,鋼筋混凝土造,80年11月8日,十二層,,
RPTNMLMJPHKGFAI58CC,30,11.70,共有部份,鋼筋混凝土造,84年5月19日,十五層,,
RPRNMLMJPHKGFAI38CC,37,32.56,住家用,鋼筋混凝土造,77年9月24日,十層,,
RPPOMLMJPHKGFAI28CC,26,46.70,住家用,鋼筋混凝土造,88年4月21日,十四層,,
RPRNMLMJPHKGFAI38CC,37,3.03,共有部份,鋼筋混凝土造,77年9月24日,十層,,
RPPOMLMJPHKGFAI28CC,26,20.14,共有部份,鋼筋混凝土造,88年4月21日,十四層,,
RPRNMLMJPHKGFAI38CC,37,4.18,共有部份,鋼筋混凝土造,77年9月24日,十層,,
RPVNMLMJPHKGFAI78CC,32,48.13,住家用,鋼筋混凝土造,82年4月26日,六層,,
RPVNMLMJPHKGFAI78CC,32,8.63,共有部份,鋼筋混凝土造,82年4月26日,六層,,
RPWNMLMJPHKGFAI88CC,21,128.19,住家用,鋼筋混凝土造,93年10月28日,十四層,,
RPWNMLMJPHKGFAI88CC,21,83.39,共有部份,鋼筋混凝土造,93年10月28日,十四層,,
RPXNMLMJPHKGFAI98CC,30,53.28,住家用,鋼筋混凝土造,84年7月24日,十四層,,
RPXNMLMJPHKGFAI98CC,30,14.40,共有部份,鋼筋混凝土造,84年7月24日,十四層,,
RPXNMLMJPHKGFAI98CC,30,23.56,共有部份,鋼筋混凝土造,84年7月24日,十四層,,
RPOOMLKMOHKGFAI18CC,32,97.08,住家用,鋼筋混凝土造,82年10月21日,十二層,,
RPPOMLKMOHKGFAI28CC,26,135.13,住家用,鋼筋混凝土造,88年1月15日,五層,,
RPQNMLMJPHKGFAI28CC,41,68.05,住家用,鋼筋混凝土造,73年6月20日,五層,,
RPPOMLKMOHKGFAI28CC,26,29.27,共有部份,鋼筋混凝土造,88年1月15日,五層,,
RPQNMLMJPHKGFAI28CC,41,6.64,共有部份,鋼筋混凝土造,73年6月20日,五層,,
RPPNMLMJPHKGFAI18CC,41,49.76,住家用,鋼筋混凝土造,73年11月29日,六層,,
RPQNMLMJPHKGFAI28CC,41,6.09,共有部份,鋼筋混凝土造,73年6月20日,五層,,
RPPNMLMJPHKGFAI18CC,41,6.98,共有部份,鋼筋混凝土造,73年11月29日,六層,,
RPPNMLMJPHKGFAI18CC,41,4.78,共有部份,鋼筋混凝土造,73年11月29日,六層,,
RPUNMLKMOHKGFAI68CC,32,18.57,住家用,鋼筋混凝土造,82年6月9日,十二層,,
RPROMLKMOHKGFAI48CC,31,128.18,住家用,鋼筋混凝土造,83年4月8日,十二層,,
RPUNMLKMOHKGFAI68CC,32,3.41,共有部份,鋼筋混凝土造,82年6月9日,十二層,,
RPROMLKMOHKGFAI48CC,31,11.32,共有部份,鋼筋混凝土造,83年4月8日,十二層,,
RPUNMLKMOHKGFAI68CC,32,5.41,共有部份,鋼筋混凝土造,82年6月9日,十二層,,
RPROMLKMOHKGFAI48CC,31,10.63,共有部份,鋼筋混凝土造,83年4月8日,十二層,,
RPVNMLKMOHKGFAI78CC,34,37.99,住家用,鋼筋混凝土造,80年6月26日,六層,,
RPVNMLKMOHKGFAI78CC,34,16.07,共有部份,鋼筋混凝土造,80年6月26日,六層,,
RPQOMLKMOHKGFAI38CC,28,98.36,住家用,鋼筋混凝土造,86年1月31日,十四層,,
RPQOMLKMOHKGFAI38CC,28,17.44,共有部份,鋼筋混凝土造,86年1月31日,十四層,,
RPQOMLKMOHKGFAI38CC,28,10.92,共有部份,鋼筋混凝土造,86年1月31日,十四層,,
RPUNMLLJPHKGFAI58CC,17,8.36,辦公室,鋼筋混凝土造,97年3月3日,四層,,
RPUNMLLJPHKGFAI58CC,17,5.66,共有部份,鋼筋混凝土造,97年3月3日,四層,,
RPTNMLLJPHKGFAI48CC,30,26.75,住家用,鋼筋混凝土造,84年7月24日,十四層,,
RPTNMLLJPHKGFAI48CC,30,6.20,共有部份,鋼筋混凝土造,84年7月24日,十四層,,
RPTNMLLJPHKGFAI48CC,30,4.76,共有部份,鋼筋混凝土造,84年7月24日,十四層,,
RPUNMLNJPHKGFAI78CC,29,36.62,住家用,鋼筋混凝土造,85年6月18日,七層,,
RPUNMLNJPHKGFAI78CC,29,13.28,共有部份,鋼筋混凝土造,85年6月18日,七層,,
RPVNMLNJPHKGFAI88CC,33,99.00,住家用,鋼筋混凝土造,81年11月11日,五層,,
RPVNMLNJPHKGFAI88CC,33,18.48,共有部份,鋼筋混凝土造,81年11月11日,五層,,
RPQOMLMJPHKGFAI38CC,34,126.00,住家用,鋼筋混凝土造,80年5月8日,十層,,
RPQNMLNJPHKGFAI38CC,30,27.47,住家用,鋼筋混凝土造,84年7月12日,六層,,
RPQOMLMJPHKGFAI38CC,34,24.00,共有部份,鋼筋混凝土造,80年5月8日,十層,,
RPQNMLNJPHKGFAI38CC,30,14.96,共有部份,鋼筋混凝土造,84年7月12日,六層,,
RPQOMLMJPHKGFAI38CC,34,4.17,共有部份,鋼筋混凝土造,80年5月8日,十層,,
RPRNMLNJPHKGFAI48CC,30,40.32,住家用,鋼筋混凝土造,84年10月4日,十一層,,
RPRNMLNJPHKGFAI48CC,30,7.68,共有部份,鋼筋混凝土造,84年10月4日,十一層,,
RPRNMLNJPHKGFAI48CC,30,5.56,共有部份,鋼筋混凝土造,84年10月4日,十一層,,
RPTOMLMJPHKGFAI68CC,30,86.16,住家用,鋼筋混凝土造,84年3月6日,十層,,
RPROMLMJPHKGFAI48CC,26,82.19,集合住宅,鋼筋混凝土造,88年2月12日,十三層,,
RPTOMLMJPHKGFAI68CC,30,11.17,共有部份,鋼筋混凝土造,84年3月6日,十層,,
RPROMLMJPHKGFAI48CC,26,14.87,共有部份,鋼筋混凝土造,88年2月12日,十三層,,
RPROMLMJPHKGFAI48CC,26,16.86,共有部份,鋼筋混凝土造,88年2月12日,十三層,,
RPTOMLMJPHKGFAI68CC,30,13.32,共有部份,鋼筋混凝土造,84年3月6日,十層,,
RPPNMLNJPHKGFAI28CC,31,73.29,住家用,鋼筋混凝土造,83年11月25日,十六層,,
RPSNMLNJPHKGFAI58CC,32,28.64,住家用,鋼筋混凝土造,82年6月9日,十六層,,
RPPNMLNJPHKGFAI28CC,31,12.83,共有部份,鋼筋混凝土造,83年11月25日,十六層,,
RPPNMLNJPHKGFAI28CC,31,5.61,共有部份,鋼筋混凝土造,83年11月25日,十六層,,
RPSNMLNJPHKGFAI58CC,32,4.66,共有部份,鋼筋混凝土造,82年6月9日,十六層,,
RPSNMLNJPHKGFAI58CC,32,6.21,共有部份,鋼筋混凝土造,82年6月9日,十六層,,
RPQNMLPJPHKGFAI58CC,27,82.90,住家用,鋼筋混凝土造,87年3月19日,二十二層,,
RPQNMLRJPHKGFAI78CC,26,27.51,住家用,鋼筋混凝土造,88年4月21日,十四層,,
RPQNMLPJPHKGFAI58CC,27,17.28,共有部份,鋼筋混凝土造,87年3月19日,二十二層,,
RPQNMLRJPHKGFAI78CC,26,13.94,共有部份,鋼筋混凝土造,88年4月21日,十四層,,
RPPOMLNJPHKGFAI38CC,43,68.88,國民住宅,鋼筋混凝土造,71年5月3日,五層,,
RPQNMLPJPHKGFAI58CC,27,19.39,共有部份,鋼筋混凝土造,87年3月19日,二十二層,,
RPPOMLNJPHKGFAI38CC,43,7.65,共有部份,鋼筋混凝土造,71年5月3日,五層,,
RPPNMLPJPHKGFAI48CC,10,30.00,店舖、住宅,鋼筋混凝土構造,104年11月10日,五層,,
RPQNMLOJPHKGFAI48CC,17,8.36,辦公室,鋼筋混凝土造,97年3月3日,四層,,
RPPNMLOJPHKGFAI38CC,17,8.36,辦公室,鋼筋混凝土造,97年3月3日,四層,,
RPQNMLOJPHKGFAI48CC,17,5.66,共有部份,鋼筋混凝土造,97年3月3日,四層,,
RPPNMLOJPHKGFAI38CC,17,5.66,共有部份,鋼筋混凝土造,97年3月3日,四層,,
RPQOMLNJPHKGFAI48CC,27,96.04,住家用,鋼筋混凝土造,87年2月26日,十二層,,
RPQOMLNJPHKGFAI48CC,27,19.85,共有部份,鋼筋混凝土造,87年2月26日,十二層,,
RPQOMLNJPHKGFAI48CC,27,16.82,共有部份,鋼筋混凝土造,87年2月26日,十二層,,
RPRNMLRJPHKGFAI88CC,31,80.73,住家用,鋼筋混凝土造,83年5月16日,十二層,,
RPRNMLRJPHKGFAI88CC,31,11.60,共有部份,鋼筋混凝土造,83年5月16日,十二層,,
RPRNMLOJPHKGFAI58CC,17,8.36,辦公室,鋼筋混凝土造,97年3月3日,四層,,
RPOOMLNJPHKGFAI28CC,21,115.36,住家用,鋼筋混凝土造,93年11月3日,十四層,,
RPROMLNJPHKGFAI58CC,52,85.20,住家用,鋼筋混凝土加強磚造,62年8月20日,二層,,
RPRNMLRJPHKGFAI88CC,31,1.73,共有部份,鋼筋混凝土造,83年5月16日,十二層,,
RPRNMLOJPHKGFAI58CC,17,5.66,共有部份,鋼筋混凝土造,97年3月3日,四層,,
RPOOMLNJPHKGFAI28CC,21,91.01,共有部份,鋼筋混凝土造,93年11月3日,十四層,,
RPSNMLRJPHKGFAI98CC,36,99.25,住家用,鋼筋混凝土造,78年1月17日,七層,,
RPSNMLRJPHKGFAI98CC,36,15.45,共有部份,鋼筋混凝土造,78年1月17日,七層,,
RPWNMLNJPHKGFAI98CC,29,39.94,住家用,鋼筋混凝土造,85年6月18日,七層,,
RPWNMLNJPHKGFAI98CC,29,14.26,共有部份,鋼筋混凝土造,85年6月18日,七層,,
RPSNMLOJPHKGFAI68CC,7,9.62,集合住宅,鋼筋混凝土構造,107年8月2日,五層,,
RPSNMLOJPHKGFAI68CC,7,3.31,本共有部分之項目有機械室、樓梯間及水箱等３項,鋼筋混凝土構造,107年8月2日,五層,,
RPPNMLRJPHKGFAI68CC,29,33.98,住家用,鋼筋混凝土造,85年6月18日,九層,,
RPPNMLRJPHKGFAI68CC,29,11.92,共有部份,鋼筋混凝土造,85年6月18日,九層,,
RPTNMLOJPHKGFAI78CC,33,29.64,住商用,鋼筋混凝土造,81年10月15日,四層,,
RPWNMLOJPHKGFAI09CC,32,28.64,住家用,鋼筋混凝土造,82年6月9日,十六層,,
RPWNMLOJPHKGFAI09CC,32,4.66,共有部份,鋼筋混凝土造,82年6月9日,十六層,,
RPWNMLOJPHKGFAI09CC,32,6.21,共有部份,鋼筋混凝土造,82年6月9日,十六層,,
RPUNMLOJPHKGFAI88CC,33,29.61,住商用,鋼筋混凝土造,81年10月15日,四層,,
RPPNMLLKPHKGFAI28DC,36,72.49,住商用,鋼筋混凝土造,78年9月11日,四層,,
RPQNMLKKPHKGFAI18CC,1,57.83,店舖、停車空間,鋼筋混凝土造,113年4月23日,五層,,
RPPNMLKKPHKGFAI08CC,30,66.31,住家用,鋼筋混凝土造,84年10月4日,十一層,,
RPQNMLKKPHKGFAI18CC,1,5.09,本共有部分之項目有梯廳、管委會空間、停車空間、車道、機械室、水箱等６項,鋼筋混凝土造,113年4月23日,五層,,
RPPNMLKKPHKGFAI08CC,30,14.35,共有部份,鋼筋混凝土造,84年10月4日,十一層,,
RPPNMLKKPHKGFAI08CC,30,7.79,共有部份,鋼筋混凝土造,84年10月4日,十一層,,
RPVNMLTJPHKGFAI86CC,36,125.29,住家用,鋼筋混凝土造,78年6月6日,五層,,
RPPNMLLKPHKGFAI18CC,45,85.76,住家用,鋼筋混凝土造,69年9月30日,六層,,
RPPNMLMKPHKGFAI28CC,32,95.20,住家用,鋼筋混凝土造,82年11月2日,八層,,
RPVNMLTJPHKGFAI86CC,36,20.86,共有部份,鋼筋混凝土造,78年6月6日,五層,,
RPPNMLMKPHKGFAI28CC,32,33.86,共有部份,鋼筋混凝土造,82年11月2日,八層,,
RPPNMLLKPHKGFAI18CC,45,13.61,共有部份,鋼筋混凝土造,69年9月30日,六層,,
RPRNMLKKPHKGFAI28CC,5,33.66,店鋪,鋼筋混凝土構造,109年10月12日,四層,,
RPRNMLKKPHKGFAI28CC,5,16.80,本共有部分之項目有管理室、樓梯間等二項,鋼筋混凝土構造,109年10月12日,四層,,
RPTNMLKKPHKGFAI48CC,31,89.73,住家用,鋼筋混凝土造,83年1月27日,八層,,
RPTNMLKKPHKGFAI48CC,31,36.26,共有部份,鋼筋混凝土造,83年1月27日,八層,,
RPPNMLOKPHKGFAI48CC,42,230.96,住商用,鋼筋混凝土造,72年8月24日,三層,,
RPWNMLQKPHKGFAI76CC,54,91.21,住家用,木造,60年10月10日,二層,,
RPTNMLQKPHKGFAI09CC,33,90.51,住家用,鋼筋混凝土造,81年8月24日,七層,,
RPTNMLQKPHKGFAI09CC,33,25.97,共有部份,鋼筋混凝土造,81年8月24日,七層,,
RPPNMLQKPHKGFAI68CC,17,8.36,辦公室,鋼筋混凝土造,97年3月3日,四層,,
RPPNMLQKPHKGFAI68CC,17,5.66,共有部份,鋼筋混凝土造,97年3月3日,四層,,
RPPOMLQKPHKGFAI78CC,17,8.36,辦公室,鋼筋混凝土造,97年3月3日,四層,,
RPPOMLQKPHKGFAI78CC,17,5.66,共有部份,鋼筋混凝土造,97年3月3日,四層,,
RPRNMLQKPHKGFAI88CC,17,8.36,辦公室,鋼筋混凝土造,97年3月3日,四層,,
RPRNMLQKPHKGFAI88CC,17,5.66,共有部份,鋼筋混凝土造,97年3月3日,四層,,
RPQNMLQKPHKGFAI78CC,17,8.36,辦公室,鋼筋混凝土造,97年3月3日,四層,,
RPVNMLQKPHKGFAI66CC,33,65.10,住家用,鋼筋混凝土造,81年6月30日,七層,,
RPXNMLQKPHKGFAI86CC,17,8.36,辦公室,鋼筋混凝土造,97年3月3日,四層,,
RPVNMLQKPHKGFAI66CC,33,21.97,共有部份,鋼筋混凝土造,81年6月30日,七層,,
RPXNMLQKPHKGFAI86CC,17,5.66,共有部份,鋼筋混凝土造,97年3月3日,四層,,
RPOOMLQKPHKGFAI68CC,17,8.36,辦公室,鋼筋混凝土造,97年3月3日,四層,,
RPOOMLQKPHKGFAI68CC,17,5.66,共有部份,鋼筋混凝土造,97年3月3日,四層,,
RPQNMLOKPHKGFAI58CC,40,105.16,住家用,鋼筋混凝土造,74年12月14日,四層,,
RPRNMLOKPHKGFAI68CC,17,8.36,辦公室,鋼筋混凝土造,97年3月3日,四層,,
RPRNMLOKPHKGFAI68CC,17,5.66,共有部份,鋼筋混凝土造,97年3月3日,四層,,
RPQNMLOKPHKGFAI58CC,40,6.81,共有部份,鋼筋混凝土造,74年12月14日,四層,,
RPQNMLOKPHKGFAI58CC,40,3.29,共有部份,鋼筋混凝土造,74年12月14日,四層,,
RPQNMLOKPHKGFAI58CC,40,2.82,共有部份,鋼筋混凝土造,74年12月14日,四層,,
RPQNMLQKPHKGFAI78CC,17,5.66,共有部份,鋼筋混凝土造,97年3月3日,四層,,
RPROMLQKPHKGFAI98CC,7,9.50,集合住宅,鋼筋混凝土構造,107年8月2日,五層,,
RPROMLQKPHKGFAI98CC,7,3.27,本共有部分之項目有機械室、樓梯間及水箱等３項,鋼筋混凝土構造,107年8月2日,五層,,
RPQOMLQKPHKGFAI88CC,7,9.50,集合住宅,鋼筋混凝土構造,107年8月2日,五層,,
RPQOMLQKPHKGFAI88CC,7,3.27,本共有部分之項目有機械室、樓梯間及水箱等３項,鋼筋混凝土構造,107年8月2日,五層,,
RPVNMLRKPHKGFAI76CC,35,56.14,住家用,鋼筋混凝土造,79年11月10日,八層,,
RPVNMLRKPHKGFAI76CC,35,8.93,共有部份,鋼筋混凝土造,79年11月10日,八層,,
RPRNMLRKPHKGFAI98CC,32,34.87,住家用,鋼筋混凝土造,82年6月9日,十六層,,
RPRNMLRKPHKGFAI98CC,32,5.74,共有部份,鋼筋混凝土造,82年6月9日,十六層,,
RPRNMLRKPHKGFAI98CC,32,7.51,共有部份,鋼筋混凝土造,82年6月9日,十六層,,
RPPNMLRKPHKGFAI78CC,47,83.31,住家用,鋼筋混凝土加強磚造,67年6月14日,二層,,
RPUNMLRKPHKGFAI66CC,27,104.66,住家用,鋼筋混凝土造,87年3月19日,二十二層,,
RPSNMLRKPHKGFAI09CC,57,61.66,住家用,木造,57年5月1日,二層,,
RPUNMLRKPHKGFAI66CC,27,19.62,共有部份,鋼筋混凝土造,87年3月19日,二十二層,,
RPQNMLRKPHKGFAI88CC,34,38.99,住家用,鋼筋混凝土造,80年11月2日,八層,,
RPUNMLRKPHKGFAI66CC,27,23.26,共有部份,鋼筋混凝土造,87年3月19日,二十二層,,
RPQNMLRKPHKGFAI88CC,34,12.40,共有部份,鋼筋混凝土造,80年11月2日,八層,,
RPTNMLRKPHKGFAI56CC,34,77.78,住家用,鋼筋混凝土造,80年6月27日,十五層,,
RPTNMLRKPHKGFAI56CC,34,13.92,共有部份,鋼筋混凝土造,80年6月27日,十五層,,
RPXOMLRKPHKGFAI07CC,39,199.79,住商用,鋼筋混凝土造,75年7月4日,三層,,
RPWNMLRKPHKGFAI86CC,27,104.66,住家用,鋼筋混凝土造,87年3月19日,二十二層,,
RPWNMLRKPHKGFAI86CC,27,19.62,共有部份,鋼筋混凝土造,87年3月19日,二十二層,,
RPWNMLRKPHKGFAI86CC,27,23.26,共有部份,鋼筋混凝土造,87年3月19日,二十二層,,
RPOOMLRKPHKGFAI78CC,31,105.38,住家用,鋼筋混凝土造,83年12月19日,十四層,,
RPOOMLRKPHKGFAI78CC,31,26.77,共有部份,鋼筋混凝土造,83年12月19日,十四層,,
RPQOMLRKPHKGFAI98CC,2,57.14,集合住宅,鋼筋混凝土造,112年10月4日,五層,,
RPQOMLRKPHKGFAI98CC,2,25.33,本共有部分之項目有電信室、戶外安全梯電梯、停車空間、管理維護空間、樓梯間、水箱及無障礙廁所等７項,鋼筋混凝土造,112年10月4日,五層,,
RPPOMLRKPHKGFAI88CC,34,85.37,住家用,鋼筋混凝土造,80年5月18日,七層,,
RPPOMLRKPHKGFAI88CC,34,15.54,共有部份,鋼筋混凝土造,80年5月18日,七層,,
RPPNMLSKPHKGFAI88CC,33,91.29,住家用,鋼筋混凝土造,81年12月10日,十六層,,
RPPNMLSKPHKGFAI88CC,33,5.48,共有部份,鋼筋混凝土造,81年12月10日,十六層,,
RPPNMLSKPHKGFAI88CC,33,12.14,共有部份,鋼筋混凝土造,81年12月10日,十六層,,
RPROMLRKPHKGFAI09CC,29,42.18,住家用,鋼筋混凝土造,85年4月1日,十一層,,
RPROMLRKPHKGFAI09CC,29,15.48,共有部份,鋼筋混凝土造,85年4月1日,十一層,,
RPSOMLRKPHKGFAI56CC,27,81.45,住家用,鋼筋混凝土造,87年3月19日,二十二層,,
RPSOMLRKPHKGFAI56CC,27,17.07,共有部份,鋼筋混凝土造,87年3月19日,二十二層,,
RPWOMLRKPHKGFAI96CC,35,67.12,住商用,鋼筋混凝土造,79年7月10日,五層,,
RPSOMLRKPHKGFAI56CC,27,18.09,共有部份,鋼筋混凝土造,87年3月19日,二十二層,,
RPXNMLRKPHKGFAI96CC,21,108.26,住家用,鋼筋混凝土造,93年11月3日,十四層,,
RPXNMLRKPHKGFAI96CC,21,75.38,共有部份,鋼筋混凝土造,93年11月3日,十四層,,
RPQNMLSKPHKGFAI98CC,33,127.97,住家用,鋼筋混凝土造,81年5月8日,十二層,,
RPQNMLSKPHKGFAI98CC,33,20.86,共有部份,鋼筋混凝土造,81年5月8日,十二層,,
RPSNMLSKPHKGFAI56CC,30,70.97,住家用,鋼筋混凝土造,84年10月4日,十一層,,
RPSNMLSKPHKGFAI56CC,30,12.58,共有部份,鋼筋混凝土造,84年10月4日,十一層,,
RPSNMLSKPHKGFAI56CC,30,8.90,共有部份,鋼筋混凝土造,84年10月4日,十一層,,
RPXNMLSKPHKGFAI07CC,17,8.36,辦公室,鋼筋混凝土造,97年3月3日,四層,,
RPWNMLSKPHKGFAI96CC,17,8.36,辦公室,鋼筋混凝土造,97年3月3日,四層,,
RPXNMLSKPHKGFAI07CC,17,5.66,共有部份,鋼筋混凝土造,97年3月3日,四層,,
RPWNMLSKPHKGFAI96CC,17,5.66,共有部份,鋼筋混凝土造,97年3月3日,四層,,
RPQOMLSKPHKGFAI09CC,17,8.36,辦公室,鋼筋混凝土造,97年3月3日,四層,,
RPQOMLSKPHKGFAI09CC,17,5.66,共有部份,鋼筋混凝土造,97年3月3日,四層,,
RPVNMLSKPHKGFAI86CC,17,8.36,辦公室,鋼筋混凝土造,97年3月3日,四層,,
RPVNMLSKPHKGFAI86CC,17,5.66,共有部份,鋼筋混凝土造,97年3月3日,四層,,
RPRNMLSKPHKGFAI09CC,40,73.20,住家用,鋼筋混凝土造,74年9月19日,五層,,
RPRNMLSKPHKGFAI09CC,40,5.34,共有部份,鋼筋混凝土造,74年9月19日,五層,,
RPTNMLSKPHKGFAI66CC,32,29.18,住家用,鋼筋混凝土造,82年4月23日,八層,,
RPRNMLSKPHKGFAI09CC,40,8.08,共有部份,鋼筋混凝土造,74年9月19日,五層,,
RPTNMLSKPHKGFAI66CC,32,17.27,共有部份,鋼筋混凝土造,82年4月23日,八層,,
RPOOMLSKPHKGFAI88CC,21,108.26,住家用,鋼筋混凝土造,93年11月3日,十四層,,
RPUNMLSKPHKGFAI76CC,1,77.36,店舖、停車空間,鋼筋混凝土造,113年4月23日,五層,,
RPOOMLSKPHKGFAI88CC,21,75.38,共有部份,鋼筋混凝土造,93年11月3日,十四層,,
RPUNMLSKPHKGFAI76CC,1,5.09,本共有部分之項目有梯廳、管委會空間、停車空間、車道、機械室、水箱等６項,鋼筋混凝土造,113年4月23日,五層,,
RPPOMLSKPHKGFAI98CC,17,8.36,辦公室,鋼筋混凝土造,97年3月3日,四層,,
RPPOMLSKPHKGFAI98CC,17,5.66,共有部份,鋼筋混凝土造,97年3月3日,四層,,
RPUNMLTJPHKGFAI76CC,32,77.92,住家用,鋼筋混凝土造,82年3月25日,六層,,
RPUNMLTJPHKGFAI76CC,32,18.69,共有部份,鋼筋混凝土造,82年3月25日,七層,,
RPUNMLTJPHKGFAI76CC,32,25.43,共有部份,鋼筋混凝土造,82年3月25日,六層,,
RPTNMLSJPHKGFAI56CC,32,75.26,住家用,鋼筋混凝土造,82年11月2日,八層,,
RPTNMLSJPHKGFAI56CC,32,26.79,共有部份,鋼筋混凝土造,82年11月2日,八層,,
RPRNMLTJPHKGFAI09CC,32,30.45,住家用,鋼筋混凝土造,82年6月9日,十六層,,
RPSNMLTJPHKGFAI56CC,7,9.62,集合住宅,鋼筋混凝土構造,107年8月2日,五層,,
RPPNMLTJPHKGFAI88CC,31,27.48,住家用,鋼筋混凝土造,83年3月19日,七層,,
RPPNMLTJPHKGFAI88CC,31,12.66,共有部份,鋼筋混凝土造,83年3月19日,七層,,
RPRNMLTJPHKGFAI09CC,32,5.02,共有部份,鋼筋混凝土造,82年6月9日,十六層,,
RPSNMLTJPHKGFAI56CC,7,3.31,本共有部分之項目有機械室、樓梯間及水箱等３項,鋼筋混凝土構造,107年8月2日,五層,,
RPRNMLTJPHKGFAI09CC,32,6.55,共有部份,鋼筋混凝土造,82年6月9日,十六層,,
RPQNMLTJPHKGFAI98CC,30,92.50,住家用,鋼筋混凝土造,84年7月11日,十二層,,
RPRNMLSJPHKGFAI98CC,1,30.00,集合住宅,鋼筋混凝土造,113年11月26日,六層,,
RPQNMLTJPHKGFAI98CC,30,30.13,共有部份,鋼筋混凝土造,84年7月11日,十二層,,
RPRNMLSJPHKGFAI98CC,1,39.86,本共有部分之項目有停車空間、防空避難室兼停車空間、樓梯間、升降梯間、水箱、管委會空間、管道間、梯廳、安全梯及電梯等１０項,鋼筋混凝土造,113年11月26日,六層,,
RPQNMLSJPHKGFAI88CC,,65.40,集合住宅,鋼筋混凝土造,114年3月11日,十四層,,
RPQNMLSJPHKGFAI88CC,,62.51,本共有部分係依使用執照之建築概要表記載項目有：防空避難室兼停車空間、梯間、機房、蓄水池、停車空間、門廊、管委會空間、入口門廳、梯廳、廊道、樓梯電梯間、樓梯昇降道、昇降機機房、水箱等１４項,鋼筋混凝土造,114年3月11日,十四層,,
RPSNMLSJPHKGFAI09CC,47,38.82,住家用,鋼筋混凝土造,67年3月23日,七層,,
RPSNMLSJPHKGFAI09CC,47,45.67,住家用,鋼筋混凝土造,67年3月23日,七層,,
RPSNMLSJPHKGFAI09CC,47,12.70,共有部份,預力混凝土造,67年3月23日,四層,,
RPSNMLSJPHKGFAI09CC,47,1.21,共有部份,鋼筋混凝土造,67年3月23日,七層,,
RPPNMLNLPHKGFAI48CC,1,67.35,集合住宅,鋼筋混凝土造,113年8月16日,八層,,
RPPNMLNLPHKGFAI48CC,1,20.03,本共有部分之項目有昇降機、機房、樓梯間、梯廳、安全梯及水箱等六項,鋼筋混凝土造,113年8月16日,八層,,
RPPNMLNLPHKGFAI48CC,1,69.19,本共有部分之項目有停車空間、防空避難室兼停車空間、管委會使用空間、昇降機、梯廳及安全梯等六項,鋼筋混凝土造,113年8月16日,八層,,
RPPNMLOLPHKGFAI58CC,31,94.92,住家用,鋼筋混凝土造,83年5月16日,十二層,,
RPPNMLOLPHKGFAI58CC,31,13.69,共有部份,鋼筋混凝土造,83年5月16日,十二層,,
RPPNMLOLPHKGFAI58CC,31,2.21,共有部份,鋼筋混凝土造,83年5月16日,十二層,,
RPPNMLOLPHKGFAI58CC,31,16.69,共有部份,鋼筋混凝土造,83年5月16日,十二層,,
RPQNMLOLPHKGFAI68CC,32,33.67,住家用,鋼筋混凝土造,82年4月26日,六層,,
RPQNMLOLPHKGFAI68CC,32,5.32,共有部份,鋼筋混凝土造,82年4月26日,六層,,
RPRNMLOLPHKGFAI78CC,47,23.14,住商用,鋼筋混凝土加強磚造,67年2月1日,二層,,
RPSNMLOLPHKGFAI88CC,51,78.58,廠房及倉庫,木造,63年12月28日,二層,,
RPUNMLLLPHKGFAI78CC,35,117.89,住家用,鋼筋混凝土造,79年2月19日,七層,,
RPUNMLLLPHKGFAI78CC,35,26.36,共有部份,鋼筋混凝土造,79年2月19日,七層,,
RPSOMLSKPHKGFAI66CC,7,9.62,集合住宅,鋼筋混凝土構造,107年8月2日,五層,,
RPSOMLSKPHKGFAI66CC,7,3.31,本共有部分之項目有機械室、樓梯間及水箱等３項,鋼筋混凝土構造,107年8月2日,五層,,
RPTNMLLLPHKGFAI68CC,34,204.04,住家用,鋼筋混凝土造,80年6月25日,四層,,
RPRNMLTKPHKGFAI56CC,26,51.49,住家用,鋼筋混凝土造,88年4月21日,十四層,,
RPRNMLTKPHKGFAI56CC,26,21.69,共有部份,鋼筋混凝土造,88年4月21日,十四層,,
RPQNMLLLPHKGFAI38CC,33,29.61,住商用,鋼筋混凝土造,81年10月15日,四層,,
RPQNMLTKPHKGFAI09CC,31,338.87,住家用,鋼筋混凝土造,83年3月17日,四層,,
RPXNMLLLPHKGFAI09CC,33,127.97,住家用,鋼筋混凝土造,81年5月8日,十二層,,
RPPNMLTKPHKGFAI98CC,2,71.22,集合住宅,鋼筋混凝土造,112年10月2日,十層,,
RPPNMLTKPHKGFAI98CC,2,32.99,本共有部分之項目有公共空間、停車空間、防空避難室兼停車空間、管委會使用空間、門廊及交誼空間等６項,鋼筋混凝土造,112年10月2日,十層,,
RPXNMLLLPHKGFAI09CC,33,20.86,共有部份,鋼筋混凝土造,81年5月8日,十二層,,
RPPNMLTKPHKGFAI98CC,2,13.31,本共有部分之項目有安全梯、戶外安全梯、管道間、昇降機道、梯廳、蓄水池、昇降機機械房及樓梯間等８項,鋼筋混凝土造,112年10月2日,十層,,
RPPNMLTKPHKGFAI98CC,2,7.34,本共有部分之項目有梯廳等１項,鋼筋混凝土造,112年10月2日,十層,,
RPROMLSKPHKGFAI56CC,17,8.36,辦公室,鋼筋混凝土造,97年3月3日,四層,,
RPROMLSKPHKGFAI56CC,17,5.66,共有部份,鋼筋混凝土造,97年3月3日,四層,,
RPRNMLLLPHKGFAI48CC,30,19.97,住家用,鋼筋混凝土造,84年5月17日,九層,,
RPRNMLLLPHKGFAI48CC,30,7.40,共有部份,鋼筋混凝土造,84年5月17日,九層,,
RPVNMLLLPHKGFAI88CC,34,80.51,住家用,鋼筋混凝土造,80年5月8日,十層,,
RPVNMLLLPHKGFAI88CC,34,14.23,共有部份,鋼筋混凝土造,80年5月8日,十層,,
RPVNMLLLPHKGFAI88CC,34,2.68,共有部份,鋼筋混凝土造,80年5月8日,十層,,
RPPNMLPLPHKGFAI68CC,33,61.50,住家用,鋼筋混凝土造,81年5月8日,十二層,,
RPPNMLPLPHKGFAI68CC,33,9.99,共有部份,鋼筋混凝土造,81年5月8日,十二層,,
RPTNMLOLPHKGFAI98CC,30,95.70,住家用,鋼筋混凝土造,84年8月16日,十八層,,
RPTNMLOLPHKGFAI98CC,30,31.28,共有部份,鋼筋混凝土造,84年8月16日,十九層,,
RPQNMLPLPHKGFAI78CC,27,86.26,住家用,鋼筋混凝土造,87年3月19日,二十二層,,
RPQNMLPLPHKGFAI78CC,27,15.59,共有部份,鋼筋混凝土造,87年3月19日,二十二層,,
RPQNMLPLPHKGFAI78CC,27,18.09,共有部份,鋼筋混凝土造,87年3月19日,二十二層,,
RPVNMLMLPHKGFAI98CC,57,46.33,住商用,木造,57年5月1日,二層,,
RPSNMLMLPHKGFAI68CC,1,79.34,集合住宅,鋼筋混凝土造,113年5月13日,五層,,
RPSNMLMLPHKGFAI68CC,1,44.86,本共有部分之項目有昇降機、管道間、管理委員會使用空間、戶外安全梯、梯廳、電信室、停車空間及樓梯間等８項,鋼筋混凝土造,113年5月13日,五層,,
RPQNMLMLPHKGFAI48CC,63,34.64,住家用,木造,51年1月24日,二層,,
RPWNMLMLPHKGFAI09CC,46,239.12,避難室、辦公廳,鋼筋混凝土造,68年5月16日,三層,,
RPOOMLMLPHKGFAI38CC,27,107.49,住家用,鋼筋混凝土造,87年3月19日,二十二層,,
RPOOMLMLPHKGFAI38CC,27,19.77,共有部份,鋼筋混凝土造,87年3月19日,二十二層,,
RPOOMLMLPHKGFAI38CC,27,23.26,共有部份,鋼筋混凝土造,87年3月19日,二十二層,,
RPTNMLMLPHKGFAI78CC,24,180.11,商業用,鋼筋混凝土造,90年8月28日,十一層,,
RPPNMLMLPHKGFAI38CC,32,56.61,住家用,鋼筋混凝土造,82年6月23日,十二層,,
RPTNMLMLPHKGFAI78CC,24,24.30,辦公室,鋼筋混凝土造,90年8月28日,十一層,,
RPTNMLMLPHKGFAI78CC,24,165.93,商業用,鋼筋混凝土造,90年8月28日,十一層,,
RPPNMLMLPHKGFAI38CC,32,7.74,共有部份,鋼筋混凝土造,82年6月23日,十二層,,
RPTNMLMLPHKGFAI78CC,24,15.20,共有部份,鋼筋混凝土造,90年8月28日,十一層,,
RPPNMLMLPHKGFAI38CC,32,8.94,共有部份,鋼筋混凝土造,82年6月23日,十三層,,
RPTNMLMLPHKGFAI78CC,24,154.45,共有部份,鋼筋混凝土造,90年8月28日,十一層,,
RPSNMLLLPHKGFAI58CC,32,18.81,住家用,鋼筋混凝土造,82年6月9日,十二層,,
RPSNMLLLPHKGFAI58CC,32,3.52,共有部份,鋼筋混凝土造,82年6月9日,十二層,,
RPSNMLLLPHKGFAI58CC,32,5.45,共有部份,鋼筋混凝土造,82年6月9日,十二層,,
RPRNMLSLPHKGFAI56CC,17,8.62,辦公室,鋼筋混凝土造,97年3月3日,四層,,
RPUNMLPLPHKGFAI56CC,30,31.60,住家用,鋼筋混凝土造,84年10月13日,十二層,,
RPRNMLSLPHKGFAI56CC,17,5.80,共有部份,鋼筋混凝土造,97年3月3日,四層,,
RPUNMLPLPHKGFAI56CC,30,7.78,共有部份,鋼筋混凝土造,84年10月13日,十二層,,
RPTNMLPLPHKGFAI09CC,7,9.62,集合住宅,鋼筋混凝土構造,107年8月2日,五層,,
RPTNMLPLPHKGFAI09CC,7,3.31,本共有部分之項目有機械室、樓梯間及水箱等３項,鋼筋混凝土構造,107年8月2日,五層,,
RPSNMLPLPHKGFAI98CC,17,8.36,辦公室,鋼筋混凝土造,97年3月3日,四層,,
RPSNMLTLPHKGFAI76CC,41,128.83,住家用,加強磚造,73年9月22日,二層,,
RPSNMLPLPHKGFAI98CC,17,5.66,共有部份,鋼筋混凝土造,97年3月3日,四層,,
RPVOMLPLPHKGFAI76CC,29,49.75,住家用,鋼筋混凝土造,85年5月10日,十層,,
RPSNMLSLPHKGFAI66CC,17,8.62,辦公室,鋼筋混凝土造,97年3月3日,四層,,
RPVOMLPLPHKGFAI76CC,29,14.89,共有部份,鋼筋混凝土造,85年5月10日,十層,,
RPSNMLSLPHKGFAI66CC,17,5.80,共有部份,鋼筋混凝土造,97年3月3日,四層,,
RPTNMLTLPHKGFAI86CC,42,31.44,住家用,鋼筋混凝土造,72年7月8日,五層,,
RPTNMLTLPHKGFAI86CC,42,3.93,共有部份,鋼筋混凝土造,72年7月8日,五層,,
RPTNMLTLPHKGFAI86CC,42,2.47,共有部份,鋼筋混凝土造,72年7月8日,五層,,
RPRNMLPLPHKGFAI88CC,41,31.00,住家用,鋼筋混凝土造,73年11月29日,六層,,
RPXOMLPLPHKGFAI96CC,31,82.04,住家用,鋼筋混凝土造,83年12月23日,十三層,,
RPRNMLPLPHKGFAI88CC,41,6.24,共有部份,鋼筋混凝土造,73年11月29日,六層,,
RPXOMLPLPHKGFAI96CC,31,25.36,共有部份,鋼筋混凝土造,83年12月23日,十三層,,
RPRNMLPLPHKGFAI88CC,41,4.78,共有部份,鋼筋混凝土造,73年11月29日,六層,,
RPVNMLPLPHKGFAI66CC,38,125.96,住家用,加強磚造,76年10月19日,二層,,
RPROMLPLPHKGFAI98CC,21,111.35,住宅，樓梯間，機房,鋼筋混凝土造,93年9月21日,三層,,
RPPOMLPLPHKGFAI78CC,42,67.99,住家用,鋼筋混凝土造,72年7月8日,五層,,
RPQNMLSLPHKGFAI09CC,21,127.58,住家用,鋼筋混凝土造,93年10月28日,十四層,,
RPPOMLPLPHKGFAI78CC,42,8.92,共有部份,鋼筋混凝土造,72年7月8日,五層,,
RPPOMLPLPHKGFAI78CC,42,5.30,共有部份,鋼筋混凝土造,72年7月8日,五層,,
RPQNMLSLPHKGFAI09CC,21,71.55,共有部份,鋼筋混凝土造,93年10月28日,十四層,,
RPPNMLTLPHKGFAI09CC,34,42.63,住家用,鋼筋混凝土造,80年8月23日,七層,,
RPRNMLTLPHKGFAI66CC,29,186.53,人行走道、住宅,鋼筋混凝土造,85年9月10日,四層,,
RPRNMLTLPHKGFAI66CC,29,2.17,地下停車位,鋼筋混凝土造,85年9月10日,四層,,
RPPNMLTLPHKGFAI09CC,34,5.39,共有部份,鋼筋混凝土造,80年8月23日,七層,,
RPTNMLSLPHKGFAI76CC,7,9.62,集合住宅,鋼筋混凝土構造,107年8月2日,五層,,
RPTNMLSLPHKGFAI76CC,7,3.31,本共有部分之項目有機械室、樓梯間及水箱等３項,鋼筋混凝土構造,107年8月2日,五層,,
RPQOMLPLPHKGFAI88CC,29,17.73,商業用,鋼筋混凝土造,85年3月1日,十一層,,
RPQOMLPLPHKGFAI88CC,29,8.77,共有部份,鋼筋混凝土造,85年3月1日,十一層,,
RPQOMLPLPHKGFAI88CC,29,5.29,共有部份,鋼筋混凝土造,85年3月1日,十一層,,
RPUNMLLJQHKGFAI68CC,35,53.90,住家用,鋼筋混凝土造,79年5月22日,五層,,
RPUNMLLJQHKGFAI68CC,35,22.75,共有部份,鋼筋混凝土造,79年5月22日,五層,,
RPTNMLLJQHKGFAI58CC,31,21.22,住家用,鋼筋混凝土造,83年8月30日,七層,,
RPTNMLLJQHKGFAI58CC,31,7.18,共有部份,鋼筋混凝土造,83年8月30日,七層,,
RPXNMLLJQHKGFAI98CC,32,97.50,住家用,鋼筋混凝土造,82年11月8日,八層,,
RPXNMLLJQHKGFAI98CC,32,28.02,共有部份,鋼筋混凝土造,82年11月8日,八層,,
RPVNMLLJQHKGFAI78CC,30,91.17,住家用,鋼筋混凝土造,84年10月2日,十二層,,
RPVNMLLJQHKGFAI78CC,30,18.98,共有部份,鋼筋混凝土造,84年10月2日,十四層,,
RPVNMLLJQHKGFAI78CC,30,13.36,共有部份,鋼筋混凝土造,84年10月2日,十二層,,
RPWNMLLJQHKGFAI88CC,7,9.50,集合住宅,鋼筋混凝土構造,107年8月2日,五層,,
RPWNMLLJQHKGFAI88CC,7,3.27,本共有部分之項目有機械室、樓梯間及水箱等３項,鋼筋混凝土構造,107年8月2日,五層,,
RPSNMLLJQHKGFAI48CC,34,38.01,住家用,鋼筋混凝土造,80年3月20日,五層,,
RPSNMLLJQHKGFAI48CC,34,7.25,共有部份,鋼筋混凝土造,80年3月20日,五層,,
RPSNMLLJQHKGFAI48CC,34,10.98,共有部份,鋼筋混凝土造,80年3月20日,五層,,
RPQNMLOJQHKGFAI58CC,28,40.91,辦公室,鋼筋混凝土造,86年4月18日,十二層,,
RPQNMLOJQHKGFAI58CC,28,17.09,共有部份,鋼筋混凝土造,86年4月18日,十二層,,
RPQNMLOJQHKGFAI58CC,28,16.26,共有部份,鋼筋混凝土造,86年4月18日,十二層,,
RPQNMLPJQHKGFAI68CC,45,87.95,住家用,鋼筋混凝土加強磚造,69年5月5日,二層,,
RPRNMLLJQHKGFAI38CC,51,75.98,住家用,鋼筋混凝土加強磚造,63年7月22日,二層,,
RPSNMLPJQHKGFAI88CC,41,168.10,住商用,鋼筋混凝土造,73年8月22日,三層,,
RPPNMLOJQHKGFAI48CC,37,99.25,住家用,鋼筋混凝土造,78年1月17日,七層,,
RPPNMLOJQHKGFAI48CC,37,15.45,共有部份,鋼筋混凝土造,78年1月17日,七層,,
RPQNMLLJQHKGFAI28CC,21,108.26,住家用,鋼筋混凝土造,93年11月3日,十四層,,
RPQNMLLJQHKGFAI28CC,21,75.38,共有部份,鋼筋混凝土造,93年11月3日,十四層,,
RPTNMLPJQHKGFAI98CC,52,86.31,騎樓、住房,鋼筋混凝土磚造,62年4月11日,二層,,
RPUNMLQJQHKGFAI56CC,17,8.36,辦公室,鋼筋混凝土造,97年3月3日,四層,,
RPUNMLQJQHKGFAI56CC,17,5.66,共有部份,鋼筋混凝土造,97年3月3日,四層,,
RPPNMLQJQHKGFAI68CC,29,53.96,住家用,鋼筋混凝土造,85年3月11日,二十層,,
RPPNMLQJQHKGFAI68CC,29,15.06,共有部份,鋼筋混凝土造,85年3月11日,二十層,,
RPWNMLQJQHKGFAI76CC,17,8.62,辦公室,鋼筋混凝土造,97年3月3日,四層,,
RPWNMLQJQHKGFAI76CC,17,5.80,共有部份,鋼筋混凝土造,97年3月3日,四層,,
RPOOMLQJQHKGFAI68CC,29,48.27,住家用,鋼筋混凝土造,85年3月11日,二十層,,
RPOOMLQJQHKGFAI68CC,29,13.55,共有部份,鋼筋混凝土造,85年3月11日,二十層,,
RPXNMLQJQHKGFAI86CC,17,8.36,辦公室,鋼筋混凝土造,97年3月3日,四層,,
RPXNMLQJQHKGFAI86CC,17,5.66,共有部份,鋼筋混凝土造,97年3月3日,四層,,
RPPNMLRJQHKGFAI78CC,35,25.73,住家用,鋼筋混凝土造,79年12月8日,八層,,
RPPNMLRJQHKGFAI78CC,35,6.39,住家用,鋼筋混凝土造,79年12月8日,八層,,
RPVNMLQJQHKGFAI66CC,17,8.36,辦公室,鋼筋混凝土造,97年3月3日,四層,,
RPUNMLPJQHKGFAI09CC,37,56.62,住家用,鋼筋混凝土造,78年2月3日,七層,,
RPUNMLPJQHKGFAI09CC,37,17.27,共有部份,鋼筋混凝土造,78年2月3日,七層,,
RPVNMLQJQHKGFAI66CC,17,5.66,共有部份,鋼筋混凝土造,97年3月3日,四層,,
RPSNMLRJQHKGFAI09CC,33,39.10,住家用,鋼筋混凝土造,81年12月21日,六層,,
RPSNMLRJQHKGFAI09CC,33,12.82,共有部份,鋼筋混凝土造,81年12月21日,六層,,
RPTNMLRJQHKGFAI56CC,34,126.90,住家用,鋼筋混凝土造,80年5月29日,三層,,
RPQNMLRJQHKGFAI88CC,32,39.09,住家用,鋼筋混凝土造,82年12月27日,八層,,
RPQNMLRJQHKGFAI88CC,32,8.66,共有部份,鋼筋混凝土造,82年12月27日,八層,,
RPQNMLRJQHKGFAI88CC,32,4.97,共有部份,鋼筋混凝土造,82年12月27日,八層,,
RPPOMLQJQHKGFAI78CC,4,85.13,集合住宅,鋼筋混凝土構造,110年3月9日,十五層,,
RPPOMLQJQHKGFAI78CC,4,24.49,本共有部分之項目有樓梯間、梯廳兼排煙室、水錶室、電梯機房及水箱等５項,鋼筋混凝土構造,110年3月9日,十五層,,
RPPOMLQJQHKGFAI78CC,4,49.53,本共有部分之項目有機房、樓梯間、水箱、停車空間、梯廳兼排煙室、發電機房、台電配電室、防空避難室兼停車空間、管委會使用空間、車道、資源回收室、門廳及管道間等１３項,鋼筋混凝土構造,110年3月9日,十五層,,
RPVNMLRJQHKGFAI76CC,2,25.56,店舖、樓梯間,鋼筋混凝土造,112年8月4日,三層,,
RPUNMLRJQHKGFAI66CC,43,97.89,住商用,鋼筋混凝土加強磚造,72年1月17日,二層,,
RPXNMLRJQHKGFAI96CC,27,86.26,住家用,鋼筋混凝土造,87年3月19日,二十二層,,
RPXNMLRJQHKGFAI96CC,27,15.59,共有部份,鋼筋混凝土造,87年3月19日,二十二層,,
RPXNMLRJQHKGFAI96CC,27,18.09,共有部份,鋼筋混凝土造,87年3月19日,二十二層,,
RPWNMLRJQHKGFAI86CC,38,114.66,住家用,加強磚造,76年7月8日,二層,,
RPQNMLSJQHKGFAI98CC,7,9.50,集合住宅,鋼筋混凝土構造,107年8月2日,五層,,
RPQNMLSJQHKGFAI98CC,7,3.27,本共有部分之項目有機械室、樓梯間及水箱等３項,鋼筋混凝土構造,107年8月2日,五層,,
RPPNMLSJQHKGFAI88CC,31,180.60,商業用,鋼筋混凝土造,84年1月13日,十二層,,
RPRNMLSJQHKGFAI09CC,7,9.62,集合住宅,鋼筋混凝土構造,107年8月2日,五層,,
RPPNMLSJQHKGFAI88CC,31,77.43,共有部份,鋼筋混凝土造,84年1月13日,十二層,,
RPRNMLSJQHKGFAI09CC,7,3.31,本共有部分之項目有機械室、樓梯間及水箱等３項,鋼筋混凝土構造,107年8月2日,五層,,
RPSNMLSJQHKGFAI56CC,7,9.50,集合住宅,鋼筋混凝土構造,107年8月2日,五層,,
RPSNMLSJQHKGFAI56CC,7,3.27,本共有部分之項目有機械室、樓梯間及水箱等３項,鋼筋混凝土構造,107年8月2日,五層,,
RPPOMLRJQHKGFAI88CC,27,243.55,私設騎樓、店舖、辦公室、住房,鋼筋混凝土造,87年3月19日,二十二層,,
RPOOMLRJQHKGFAI78CC,38,114.66,住家用,加強磚造,76年7月8日,二層,,
RPPOMLRJQHKGFAI88CC,27,52.99,共有部份,鋼筋混凝土造,87年3月19日,二十二層,,
RPTNMLLKQHKGFAI68CC,1,49.96,店舖、停車空間,鋼筋混凝土造,113年4月23日,五層,,
RPTNMLLKQHKGFAI68CC,1,5.09,本共有部分之項目有梯廳、管委會空間、停車空間、車道、機械室、水箱等６項,鋼筋混凝土造,113年4月23日,五層,,
RPRNMLLKQHKGFAI48CC,32,101.51,住家用,鋼筋混凝土造,82年6月9日,十二層,,
RPTNMLSJQHKGFAI66CC,35,115.01,住商用,鋼筋混凝土造,79年3月14日,七層,,
RPRNMLLKQHKGFAI48CC,32,18.91,共有部份,鋼筋混凝土造,82年6月9日,十二層,,
RPRNMLLKQHKGFAI48CC,32,17.42,共有部份,鋼筋混凝土造,82年6月9日,十二層,,
RPQNMLMKQHKGFAI48CC,17,8.36,辦公室,鋼筋混凝土造,97年3月3日,四層,,
RPQNMLMKQHKGFAI48CC,17,5.66,共有部份,鋼筋混凝土造,97年3月3日,四層,,
RPUNMLSJQHKGFAI76CC,45,82.72,住家用,鋼筋混凝土加強磚造,69年3月25日,二層,,
RPPNMLMKQHKGFAI38CC,17,8.36,辦公室,鋼筋混凝土造,97年3月3日,四層,,
RPRNMLMKQHKGFAI58CC,21,128.94,住家用,鋼筋混凝土造,93年10月29日,十四層,,
RPRNMLMKQHKGFAI58CC,21,85.04,共有部份,鋼筋混凝土造,93年10月29日,十四層,,
RPPNMLMKQHKGFAI38CC,17,5.66,共有部份,鋼筋混凝土造,97年3月3日,四層,,
RPPNMLLKQHKGFAI28CC,37,108.04,住家用,鋼筋混凝土造,78年1月17日,七層,,
RPPNMLLKQHKGFAI28CC,37,16.96,共有部份,鋼筋混凝土造,78年1月17日,七層,,
RPQNMLLKQHKGFAI38CC,30,28.88,住家用,鋼筋混凝土造,84年5月17日,九層,,
RPVNMLSJQHKGFAI86CC,32,15.00,住家用,鋼筋混凝土造,82年2月27日,十四層,,
RPQNMLLKQHKGFAI38CC,30,10.00,共有部份,鋼筋混凝土造,84年5月17日,九層,,
RPSNMLMKQHKGFAI68CC,17,8.62,辦公室,鋼筋混凝土造,97年3月3日,四層,,
RPTNMLMKQHKGFAI78CC,17,8.36,辦公室,鋼筋混凝土造,97年3月3日,四層,,
RPSNMLMKQHKGFAI68CC,17,5.80,共有部份,鋼筋混凝土造,97年3月3日,四層,,
RPTNMLMKQHKGFAI78CC,17,5.66,共有部份,鋼筋混凝土造,97年3月3日,四層,,
RPUNMLMKQHKGFAI88CC,30,93.57,住商用,鋼筋混凝土造,84年7月11日,十二層,,
RPUNMLMKQHKGFAI88CC,30,29.90,共有部份,鋼筋混凝土造,84年7月11日,十二層,,
RPWNMLMKQHKGFAI09CC,30,85.66,住家用,鋼筋混凝土造,84年12月30日,七層,,
RPWNMLMKQHKGFAI09CC,30,20.18,共有部份,鋼筋混凝土造,84年12月30日,七層,,
RPWNMLMKQHKGFAI09CC,30,14.42,共有部份,鋼筋混凝土造,84年12月30日,七層,,
RPQOMLMKQHKGFAI58CC,19,61.28,店舖、車庫、住宅,鋼筋混凝土造,95年4月13日,四層,,
RPROMLMKQHKGFAI68CC,13,16.53,店舖、住宅、樓梯間,鋼筋混凝土構造,101年7月19日,四層,,
RPVNMLMKQHKGFAI98CC,17,8.36,辦公室,鋼筋混凝土造,97年3月3日,四層,,
RPVNMLMKQHKGFAI98CC,17,5.66,共有部份,鋼筋混凝土造,97年3月3日,四層,,
RPOOMLMKQHKGFAI38CC,30,81.92,住家用,鋼筋混凝土造,84年8月16日,十九層,,
RPXNMLMKQHKGFAI56CC,2,57.14,集合住宅,鋼筋混凝土造,112年10月4日,五層,,
RPOOMLMKQHKGFAI38CC,30,26.81,共有部份,鋼筋混凝土造,84年8月16日,十九層,,
RPXNMLMKQHKGFAI56CC,2,25.33,本共有部分之項目有電信室、戶外安全梯電梯、停車空間、管理維護空間、樓梯間、水箱及無障礙廁所等７項,鋼筋混凝土造,112年10月4日,五層,,
RPPOMLMKQHKGFAI48CC,47,19.83,住商用,鋼筋混凝土加強磚造,67年2月1日,二層,,
RPSOMLMKQHKGFAI78CC,1,28.60,集合住宅,鋼筋混凝土造,113年11月26日,六層,,
RPSOMLMKQHKGFAI78CC,1,39.15,本共有部分之項目有停車空間、防空避難室兼停車空間、樓梯間、升降梯間、水箱、管委會空間、管道間、梯廳、安全梯及電梯等１０項,鋼筋混凝土造,113年11月26日,六層,,
RPSNMLOKQHKGFAI88CC,32,12.00,住家用,鋼筋混凝土造,82年2月27日,十四層,,
RPVOMLMKQHKGFAI09CC,37,178.62,店舖、住房,鋼骨造,77年8月30日,二層,,
RPPNMLOKQHKGFAI58CC,26,88.47,住家用,鋼筋混凝土造,88年9月9日,八層,,
RPPNMLOKQHKGFAI58CC,26,40.98,共有部份,鋼筋混凝土造,88年9月9日,八層,,
RPQNMLOKQHKGFAI68CC,27,104.66,住家用,鋼筋混凝土造,87年3月19日,二十二層,,
RPQNMLOKQHKGFAI68CC,27,19.62,共有部份,鋼筋混凝土造,87年3月19日,二十二層,,
RPQNMLOKQHKGFAI68CC,27,23.26,共有部份,鋼筋混凝土造,87年3月19日,二十二層,,
RPUNMLPKQHKGFAI56CC,10,20.00,店舖、住宅,鋼筋混凝土構造,104年11月10日,五層,,
RPTNMLPKQHKGFAI09CC,27,62.35,住家用,鋼筋混凝土造,87年3月19日,二十二層,,
RPTNMLPKQHKGFAI09CC,27,12.16,共有部份,鋼筋混凝土造,87年3月19日,二十二層,,
RPTNMLPKQHKGFAI09CC,27,12.92,共有部份,鋼筋混凝土造,87年3月19日,二十二層,,
RPQNMLSKQHKGFAI09CC,17,8.62,辦公室,鋼筋混凝土造,97年3月3日,四層,,
RPQNMLSKQHKGFAI09CC,17,5.80,共有部份,鋼筋混凝土造,97年3月3日,四層,,
RPVNMLPKQHKGFAI66CC,34,22.74,住家用,鋼筋混凝土造,80年7月10日,六層,,
RPVNMLPKQHKGFAI66CC,34,4.65,共有部份,鋼筋混凝土造,80年7月10日,六層,,
RPPNMLNLQHKGFAI58CC,27,83.05,住家用,鋼筋混凝土造,87年3月19日,二十二層,,
RPPNMLNLQHKGFAI58CC,27,16.85,共有部份,鋼筋混凝土造,87年3月19日,二十二層,,
RPPNMLNLQHKGFAI58CC,27,18.09,共有部份,鋼筋混凝土造,87年3月19日,二十二層,,
RPQNMLMLQHKGFAI58CC,1,2181.82,廠房,鋼骨造,113年5月28日,一層,,
RPPNMLRLQHKGFAI98CC,32,21.00,住家用,鋼筋混凝土造,82年2月27日,十四層,,
RPQNMLRLQHKGFAI09CC,32,24.00,住家用,鋼筋混凝土造,82年2月27日,十四層,,
RPWNMLQLQHKGFAI96CC,45,31.19,住家用,鋼筋混凝土造,69年2月5日,七層,,
RPWNMLQLQHKGFAI96CC,45,24.82,住家用,鋼筋混凝土造,69年2月5日,七層,,
RPVNMLQLQHKGFAI86CC,33,296.79,住商用,鋼筋混凝土造,81年6月26日,十五層,,
RPVNMLQLQHKGFAI86CC,33,65.91,共有部份,鋼筋混凝土造,81年6月26日,十五層,,
RPXNMLTLPHKGFAI27CC,33,29.61,住商用,鋼筋混凝土造,81年10月15日,四層,,
RPRNMLLMPHKGFAI58CC,32,41.06,住商用,鋼筋混凝土造,82年4月12日,五層,,
RPPNMLLMPHKGFAI38CC,52,96.16,住家用,鋼筋混凝土加強磚造,62年3月20日,二層,,
RPWNMLTLPHKGFAI17CC,50,115.65,住商用,鋼筋混凝土加強磚造,64年5月8日,二層,,
RPRNMLKMPHKGFAI48CC,37,26.44,補習班兼辦公室,鋼筋混凝土造,77年6月15日,七層,,
RPUNMLTLPHKGFAI96CC,29,47.45,住家用,鋼筋混凝土造,85年3月11日,二十層,,
RPUNMLTLPHKGFAI96CC,29,12.05,共有部份,鋼筋混凝土造,85年3月11日,二十層,,
RPQNMLLMPHKGFAI48CC,17,8.62,辦公室,鋼筋混凝土造,97年3月3日,四層,,
RPQNMLLMPHKGFAI48CC,17,5.80,共有部份,鋼筋混凝土造,97年3月3日,四層,,
RPVNMLTLPHKGFAI07CC,6,280.73,店舖,鋼筋混凝土構造,108年9月4日,四層,,
RPTNMLMJRHKGFAI78CC,,56.17,集合住宅,鋼筋混凝土造,114年3月11日,十四層,,
RPRNMLSKQHKGFAI56CC,17,8.36,辦公室,鋼筋混凝土造,97年3月3日,四層,,
RPTNMLMJRHKGFAI78CC,,57.66,本共有部分係依使用執照之建築概要表記載項目有：防空避難室兼停車空間、梯間、機房、蓄水池、停車空間、門廊、管委會空間、入口門廳、梯廳、廊道、樓梯電梯間、樓梯昇降道、昇降機機房、水箱等１４項,鋼筋混凝土造,114年3月11日,十四層,,
RPRNMLSKQHKGFAI56CC,17,5.66,共有部份,鋼筋混凝土造,97年3月3日,四層,,
RPPNMLTKQHKGFAI09CC,54,20.24,住家用,鋼筋混凝土加強磚造,60年5月12日,二層,,
RPSNMLSKQHKGFAI66CC,17,8.36,辦公室,鋼筋混凝土造,97年3月3日,四層,,
RPSNMLSKQHKGFAI66CC,17,5.66,共有部份,鋼筋混凝土造,97年3月3日,四層,,
RPSNMLTKQHKGFAI76CC,21,128.94,住家用,鋼筋混凝土造,93年10月29日,十四層,,
RPUNMLTKQHKGFAI96CC,4,44.15,辦公室,鋼筋混凝土構造,110年3月12日,九層,,
RPSNMLTKQHKGFAI76CC,21,84.81,共有部份,鋼筋混凝土造,93年10月29日,十四層,,
RPQNMLTKQHKGFAI56CC,6,247.80,店鋪、住宅,鋼筋混凝土構造,108年12月31日,四層,,
RPUNMLTKQHKGFAI96CC,4,27.21,本共有部分之項目有樓梯、電梯、梯廳、停車空間、防空避難室兼停車空間、管理室、無障礙廁所等７項,鋼筋混凝土構造,110年3月12日,九層,,
RPUNMLTKQHKGFAI96CC,4,19.92,本共有部分之項目有樓梯、電梯、梯廳、水箱等４項,鋼筋混凝土構造,110年3月12日,九層,,
