編號,土地位置,土地移轉面積平方公尺,使用分區或編定,權利人持分分母,權利人持分分子,移轉情形,地號
The serial number, land position,land shifting area square meter,the use zoning or compiles and checks,,,,land parcel
RPPNMLLKQHKGFCU96DA,德武段,2573.81,非都市：特定農業區 ; 非都市編定：農牧用地,1,1,全筆移轉,09040000
RPPNMLLKQHKGFCU96DA,德武段,2672.75,非都市：特定農業區 ; 非都市編定：農牧用地,1,1,全筆移轉,09070000
RPSNMLMKQHKGFAU17DA,嘉新段,47.00,都市：農,1,1,全筆移轉,05620000
RPPNMLRKQHKGFAU37DA,潭北段,33.34,都市：其他:綠(帶)地,1,1,全筆移轉,09170000
RPPNMLRKQHKGFAU37DA,潭北段,1.52,都市：其他:保護區,1,1,全筆移轉,09200001
RPPNMLTKQHKGFBU67DA,北林段,87.46,非都市：特定農業區 ; 非都市編定：甲種建築用地,1,1,全筆移轉,08130002
RPPNMLPLQHKGFBU47EA,新白陽段,105.35,非都市：一般農業區 ; 非都市編定：農牧用地,1,1,全筆移轉,03900000
RPPNMLSLQHKGFAU67EA,嘉北段,2280.00,都市：其他:道路用地,1,1,全筆移轉,09080001
RPQNMLSLQHKGFAU77EA,嘉北段,1325.00,都市：其他:道路用地,1,1,全筆移轉,11900001
RPPNMLSLQHKGFBU67DA,馬遠段,5045.00,非都市：山坡地保育區 ; 非都市編定：農牧用地,1,1,全筆移轉,13330440
RPTNMLSLQHKGFAU08EA,慶豐段,31.00,都市：其他:道路用地,1,1,全筆移轉,08880001
RPRNMLSLQHKGFAU87EA,嘉北段,161.00,都市：其他:道路用地,1,1,全筆移轉,07480000
RPUNMLPLQHKGFAU77DA,四維段,67.30,都市：農,1,1,全筆移轉,02780001
RPSNMLSLQHKGFAU97EA,嘉北段,2153.00,都市：其他:道路用地,1,1,全筆移轉,12030001
RPVNMLPLQHKGFAU87DA,仁愛段,229.12,非都市：一般農業區 ; 非都市編定：農牧用地,1,1,全筆移轉,07040000
RPRNMLPLQHKGFAU47DA,富國段,2.84,都市：商,10000,17,持分移轉,03090000
RPUNMLSLQHKGFAU18EA,嘉北段,84.00,都市：其他:道路用地,1,1,全筆移轉,02580000
RPRNMLLKQHKGFCU17DA,玉城段,308.00,都市：其他:住宅區,1,1,全筆移轉,15050000
RPRNMLLKQHKGFCU17DA,玉城段,56.14,都市：其他:道路用地,1,1,全筆移轉,15050003
RPRNMLLKQHKGFCU17DA,玉城段,9.00,都市：其他:住宅區,1,1,全筆移轉,15140001
RPVNMLSLQHKGFAU28EA,慶豐段,24.00,都市：其他:道路用地,1,1,全筆移轉,17390001
RPRNMLLLQHKGFAU07DA,路內段,46.57,都市：住,100000,899,持分移轉,03840000
RPWNMLSLQHKGFAU38EA,慶豐段,24.00,都市：其他:道路用地,1,1,全筆移轉,17500001
RPPNMLKLQHKGFBU86DA,豐義段,164.55,都市：其他:住宅區,4720,320,持分移轉,04080000
RPPNMLKLQHKGFBU86DA,豐義段,83.04,都市：其他:住宅區,4720,320,持分移轉,04090000
RPPNMLKLQHKGFBU86DA,豐義段,51.66,都市：其他:道路用地,4720,320,持分移轉,04100000
RPPNMLKLQHKGFBU86DA,豐義段,216.20,都市：其他:住宅區,4720,320,持分移轉,04110000
RPPNMLKLQHKGFBU86DA,豐義段,25.73,都市：其他:住宅區,4720,320,持分移轉,04260000
RPPNMLKLQHKGFBU86DA,豐義段,16.09,都市：其他:住宅區,4720,320,持分移轉,04280000
RPPNMLKLQHKGFBU86DA,豐義段,3.72,都市：其他:道路用地,4720,320,持分移轉,04290000
RPXNMLSLQHKGFAU48EA,慶豐段,45.00,都市：其他:道路用地,1,1,全筆移轉,17770001
RPOOMLSLQHKGFAU67EA,宜昌段,32.00,都市：其他:道路用地,1,1,全筆移轉,10390002
RPTOMLSLQHKGFAU18EA,慶豐段,25.00,都市：其他:道路用地,1,1,全筆移轉,17910002
RPPOMLSLQHKGFAU77EA,宜寧段,12.00,都市：其他:道路用地,1,1,全筆移轉,02380000
RPWOMLSLQHKGFAU48EA,嘉北段,82.80,都市：其他:道路用地,40,12,持分移轉,02550000
RPSOMLSLQHKGFAU08EA,慶豐段,35.00,都市：其他:道路用地,1,1,全筆移轉,02890000
RPQOMLSLQHKGFAU87EA,宜寧段,16.00,都市：其他:道路用地,1,1,全筆移轉,02420000
RPOPMLSLQHKGFAU77EA,嘉北段,84.90,都市：其他:道路用地,10,3,持分移轉,04460000
RPVOMLSLQHKGFAU38EA,宜昌段,22.00,都市：其他:道路用地,1,1,全筆移轉,05690000
RPPPMLSLQHKGFAU87EA,嘉北段,104.10,都市：其他:道路用地,10,3,持分移轉,04470000
RPXOMLSLQHKGFAU58EA,嘉北段,18.90,都市：其他:道路用地,10,3,持分移轉,04450000
RPRPMLSLQHKGFAU08EA,嘉北段,114.40,都市：其他:道路用地,5,1,持分移轉,02540000
RPQPMLSLQHKGFAU97EA,嘉北段,323.10,都市：其他:道路用地,10,3,持分移轉,04480000
RPPNMLSLQHKGFBU77EA,大安段,261.00,都市：其他:道路用地,1,1,全筆移轉,19470001
RPVNMLRLQHKGFAU08DA,福吉段,402.11,非都市：特定農業區 ; 非都市編定：農牧用地,1,1,全筆移轉,07520000
SPPNMLLJRHKGFAU96EA,四維段,487.06,都市：農,10,2,持分移轉,00790000
RPPNMLLJRHKGFAU86EA,四維段,974.12,都市：農,10,4,持分移轉,00790000
TPPNMLLJRHKGFAU07EA,四維段,487.06,都市：農,10,2,持分移轉,00790000
UPPNMLLJRHKGFAU17EA,四維段,243.53,都市：農,10,1,持分移轉,00790000
RPVNMLMLQHKGFAU57DA,慶豐段,68.00,都市：農,1,1,全筆移轉,14760002
RPVNMLMLQHKGFAU57DA,慶豐段,7.00,都市：住,1,1,全筆移轉,14760005
RPPNMLMJRHKGFCU07DA,永良段,43.29,非都市：鄉村區 ; 非都市編定：乙種建築用地,3,2,持分移轉,04240007
RPQNMLMJRHKGFCU17DA,玉東段,653.09,都市：其他:農業區,2,1,持分移轉,00440000
RPQNMLLMQHKGFCU27DA,玉璞段,130.00,都市：其他:住宅區,1,1,全筆移轉,18460006
RPRNMLLMQHKGFAU17DA,光榮段,107.96,非都市：一般農業區 ; 非都市編定：農牧用地,100000,18565,持分移轉,09200000
RPQNMLTLQHKGFCU97DA,玉昌段,99.36,都市：其他:住宅區,11,1,持分移轉,03830000
RPQNMLTLQHKGFCU97DA,玉昌段,1.09,都市：其他:綠地,11,1,持分移轉,03830001
RPSNMLLMQHKGFCU47DA,玉璞段,212.00,都市：其他:住宅區,1,1,全筆移轉,18460008
RPTNMLTLQHKGFAU08DA,仁恥段,71.50,都市：其他:道路用地,6,3,持分移轉,01160000
RPUNMLTLQHKGFAU18DA,慈安段,38.00,都市：其他:道路用地,1,1,全筆移轉,05290000
RPQNMLMJRHKGFAU96DA,林森段,36.50,都市：住,4,1,持分移轉,30860000
RPROMLNJRHKGFAU27DA,主權段,398.00,都市：住,1,1,全筆移轉,05590000
RPVNMLTLQHKGFAU28DA,仁恥段,15.00,都市：其他:道路用地,1,1,全筆移轉,00440000
RPVNMLTLQHKGFAU28DA,仁廉段,77.00,都市：其他:道路用地,1,1,全筆移轉,05750000
RPQNMLNJRHKGFAU07DA,上水源段,178.69,非都市：鄉村區 ; 非都市編定：乙種建築用地,1,1,全筆移轉,08420000
RPVNMLTLQHKGFAU28DA,仁恥段,14.53,都市：其他:道路用地,10000,3928,持分移轉,08860000
RPPNMLOJRHKGFAU07DA,福安段,118.00,都市：其他:住宅區,1,1,全筆移轉,18790000
RPQNMLPJRHKGFAU37EA,宜昌段,11.75,都市：其他:道路用地,4,1,持分移轉,03550000
RPPNMLOJRHKGFAU17EA,林森段,58.67,都市：其他:道路用地,3,1,持分移轉,08990001
RPPNMLPJRHKGFAU27EA,宜昌段,2.00,都市：其他:道路用地,6,1,持分移轉,00730000
RPRNMLPJRHKGFAU47EA,慶豐段,28.00,都市：其他:道路用地,1,1,全筆移轉,09030001
RPSNMLPJRHKGFAU57EA,宜昌段,16.00,都市：其他:道路用地,1,1,全筆移轉,05300000
RPTNMLLMQHKGFCU57DA,玉璞段,236.00,都市：其他:住宅區,1,1,全筆移轉,18460009
RPUNMLLMQHKGFCU67DA,玉璞段,202.00,都市：其他:住宅區,1,1,全筆移轉,18460010
RPXNMLKKPHKGFAU37DA,威里段,1226.89,非都市：山坡地保育區 ; 非都市編定：林業用地,1,1,全筆移轉,02570000
RPPNMLMJRHKGFCU17EA,崙布山段,66.76,非都市：山坡地保育區 ; 非都市編定：農牧用地,1,1,全筆移轉,09910001
RPWNMLKKPHKGFAU27DA,須美基段,3617.28,非都市：山坡地保育區 ; 非都市編定：林業用地,1,1,全筆移轉,00220000
RPUNMLOJPHKGFAU37DA,宜昌段,12.00,都市：其他:道路用地,1,1,全筆移轉,01870000
RPTNMLSJRHKGFAU87DA,仁恥段,139.00,都市：其他:道路用地,1,1,全筆移轉,09240000
RPPOMLSJRHKGFAU57DA,仁義段,26.15,都市：住,10000,419,持分移轉,05210000
RPRNMLSJRHKGFAU67DA,慶豐段,73.00,都市：住,1,1,全筆移轉,17040003
RPOOMLSJRHKGFAU47DA,下水源段,4461.48,非都市：山坡地保育區 ; 非都市編定：農牧用地,1,1,全筆移轉,00410000
RPSNMLSJRHKGFAU77DA,慶豐段,74.00,都市：住,1,1,全筆移轉,17040004
RPOOMLKKPHKGFAU56DA,下月段,2885.52,非都市：山坡地保育區 ; 非都市編定：農牧用地,1,1,全筆移轉,02930001
RPPNMLTJPHKGFAU37DA,莊敬段,15.76,都市：住,1000,28,持分移轉,04280002
RPPNMLRJPHKGFBU27DA,馬遠段,3570.00,非都市：山坡地保育區 ; 非都市編定：農牧用地,1,1,全筆移轉,07940000
RPPNMLPKPHKGFAU07DA,德布克段,969.91,都市：農,1,1,全筆移轉,00240001
RPXNMLLLPHKGFAU57DA,稻香段,446.00,都市：農,1,1,全筆移轉,06150005
RPUNMLQKPHKGFAU67DA,慶豐段,13.00,都市：其他:道路用地,1,1,全筆移轉,16880002
RPUNMLQKPHKGFAU67DA,慶豐段,1.00,都市：其他:道路用地,1,1,全筆移轉,16880003
RPUNMLQKPHKGFAU67DA,慶豐段,226.00,都市：商,1,1,全筆移轉,16880004
RPUNMLQKPHKGFAU67DA,慶豐段,135.00,都市：商,1,1,全筆移轉,16890000
RPQPMLQKPHKGFAU47DA,永安段,24.23,非都市：鄉村區 ; 非都市編定：乙種建築用地,1,1,全筆移轉,01500001
RPOOMLMJPHKGFAU66DA,富國段,22.14,都市：商,10000,192,持分移轉,03200000
RPPOMLSKPHKGFAU47DA,北濱段,71.00,都市：其他:道路用地,1,1,全筆移轉,04420000
RPPNMLOKPHKGFAU96DA,光明段,702.85,非都市：一般農業區 ; 非都市編定：農牧用地,100,77,持分移轉,07240000
RPSNMLMLPHKGFAU17DA,林森段,11.00,都市：住,3,1,持分移轉,28240001
RPPNMLRKPHKGFAU37EA,永新段,1350.58,非都市：特定農業區 ; 非都市編定：農牧用地,1,1,全筆移轉,00460000
RPOOMLNLPHKGFAU96DA,光榮段,95.60,非都市：鄉村區 ; 非都市編定：乙種建築用地,1,1,全筆移轉,01580000
RPXNMLNLPHKGFAU77DA,裕民段,105.00,都市：商,1,1,全筆移轉,04520003
RPQNMLRKPHKGFAU47EA,永新段,272.08,非都市：特定農業區 ; 非都市編定：農牧用地,1,1,全筆移轉,00680000
RPQNMLOLPHKGFAU17DA,福興段,423.00,都市：農,1,1,全筆移轉,02160000
RPRNMLOLPHKGFAU27DA,國股段,29.95,都市：其他:住宅區,10000,412,持分移轉,02420000
RPSOMLNLPHKGFAU37DA,莊敬段,20.56,都市：住,9,1,持分移轉,06950000
RPRNMLOLPHKGFCU57EA,玉璞段,12.45,都市：其他:住宅區,10000,250,持分移轉,31160000
RPRNMLOLPHKGFCU57EA,玉璞段,7.88,都市：其他:住宅區,10000,250,持分移轉,31160001
RPWNMLLLPHKGFAU47DA,仁愛段,48.70,非都市：特定農業區 ; 非都市編定：甲種建築用地,10000,1877,持分移轉,00280000
RPVNMLSLPHKGFAU08DA,下台地段,330.00,非都市：一般農業區 ; 非都市編定：甲種建築用地,1,1,全筆移轉,09640001
RPOPMLOLPHKGFAU17DA,仁愛段,57.71,非都市：鄉村區 ; 非都市編定：乙種建築用地,1,1,全筆移轉,04430000
RPXOMLOLPHKGFAU97DA,慶豐段,95.00,都市：住,1,1,全筆移轉,10650017
RPRNMLTLPHKGFAU77DA,民孝段,43.60,都市：住,100000,619,持分移轉,00690000
RPQNMLTLPHKGFAU67DA,碧雲段,166.00,都市：其他:住宅區,1,1,全筆移轉,04780000
RPPNMLLMPHKGFCU07DA,中興段,85.38,都市：其他:商業區,1,1,全筆移轉,06030000
RPTNMLQKPHKGFCU77DA,新舞鶴段,739.45,非都市：山坡地保育區 ; 非都市編定：農牧用地,1,1,全筆移轉,04750000
RPTNMLQKPHKGFCU77DA,新舞鶴段,7062.76,非都市：山坡地保育區 ; 非都市編定：農牧用地,1,1,全筆移轉,04760000
RPQNMLLMPHKGFBU07DA,豐義段,334.23,都市：其他:住宅區,4720,650,持分移轉,04080000
RPQNMLLMPHKGFBU07DA,豐義段,168.67,都市：其他:住宅區,4720,650,持分移轉,04090000
RPQNMLLMPHKGFBU07DA,豐義段,104.93,都市：其他:道路用地,4720,650,持分移轉,04100000
RPQNMLLMPHKGFBU07DA,豐義段,439.16,都市：其他:住宅區,4720,650,持分移轉,04110000
RPQNMLLMPHKGFBU07DA,豐義段,52.27,都市：其他:住宅區,4720,650,持分移轉,04260000
RPQNMLLMPHKGFBU07DA,豐義段,32.68,都市：其他:住宅區,4720,650,持分移轉,04280000
RPQNMLLMPHKGFBU07DA,豐義段,7.55,都市：其他:道路用地,4720,650,持分移轉,04290000
RPPNMLLJQHKGFCU86DA,富安段,6.92,都市：其他:道路用地,1,1,全筆移轉,08640001
RPPNMLLJQHKGFCU86DA,富安段,137.70,都市：其他:住宅區,1,1,全筆移轉,08660000
RPPNMLLJQHKGFCU86DA,富安段,92.77,都市：其他:住宅區,1,1,全筆移轉,08660001
RPQNMLKMOHKGFCU96DA,萬寧段,800.49,非都市：特定農業區 ; 非都市編定：農牧用地,1,1,全筆移轉,01560000
RPQNMLKMOHKGFCU96DA,萬寧段,1030.84,非都市：特定農業區 ; 非都市編定：農牧用地,1,1,全筆移轉,01580000
RPQNMLKMOHKGFCU96DA,萬寧段,901.17,非都市：特定農業區 ; 非都市編定：農牧用地,1,1,全筆移轉,01600000
RPQNMLKMOHKGFCU96DA,萬寧段,33.59,非都市：特定農業區 ; 非都市編定：農牧用地,1,1,全筆移轉,01610000
RPRNMLLMPHKGFAU07DA,下台地段,383.87,非都市：一般農業區 ; 非都市編定：農牧用地,2800,448,持分移轉,03750000
RPRNMLLMPHKGFAU07DA,下台地段,1012.01,非都市：一般農業區 ; 非都市編定：農牧用地,2800,448,持分移轉,03790000
RPPOMLKMPHKGFAU86DA,嘉南段,28.17,都市：住,10000,205,持分移轉,04970000
RPQNMLLJQHKGFCU96DA,瑞泉段,797.68,都市：其他:體育場用地,1,1,全筆移轉,01770000
RPUNMLSKPHKGFAU87DA,民意段民意小段,148.29,都市：住,1,1,全筆移轉,00140002
RPROMLKKPHKGFAU86DA,德安段,770.00,都市：其他:學校用地,1,1,全筆移轉,06280042
RPPNMLPJQHKGFCU27DA,末廣段,3004.71,非都市：山坡地保育區 ; 非都市編定：農牧用地,1,1,全筆移轉,04130000
RPTNMLKMPHKGFAU17DA,南埔段,100.00,非都市：鄉村區 ; 非都市編定：乙種建築用地,1,1,全筆移轉,25700006
RPQNMLOJQHKGFCU27DA,富南段,473.88,非都市：山坡地保育區 ; 非都市編定：農牧用地,3,1,持分移轉,10450000
RPQNMLQJQHKGFAU27DA,稻園段,165.70,非都市：特定農業區 ; 非都市編定：農牧用地,10000,662,持分移轉,05270000
RPQNMLQJQHKGFAU27DA,稻園段,94.58,非都市：特定農業區 ; 非都市編定：甲種建築用地,1,1,全筆移轉,05280000
RPQNMLQJQHKGFAU27DA,稻園段,15.32,非都市：特定農業區 ; 非都市編定：甲種建築用地,6,1,持分移轉,05280004
RPPNMLMJQHKGFBU86DA,新紅葉段,3017.39,非都市：山坡地保育區 ; 非都市編定：林業用地,3,1,持分移轉,07600000
RPQNMLPJQHKGFCU37DA,中平段,148.75,都市：其他:住宅區,1,1,全筆移轉,01170002
RPQNMLQJQHKGFAU37EA,明義段,61.80,都市：住,5,3,持分移轉,02790067
RPSNMLPJQHKGFAU37DA,豐裡段,184.50,非都市：一般農業區 ; 非都市編定：甲種建築用地,1,1,全筆移轉,09010000
RPQNMLPJQHKGFAU17DA,永安段,83.12,非都市：鄉村區 ; 非都市編定：乙種建築用地,1,1,全筆移轉,06520000
RPRNMLQJQHKGFAU37DA,忠孝段,47.08,都市：農,14,1,持分移轉,08640000
RPRNMLQJQHKGFAU37DA,忠孝段,302.10,都市：農,1,1,全筆移轉,08640007
RPPNMLQJQHKGFAU17DA,慈安段,85.00,都市：住,1,1,全筆移轉,10900004
RPSNMLRJQHKGFAU57DA,宜安段,25.00,都市：住,20000,230,持分移轉,05890000
RPPNMLPLPHKGFCU37DA,學園段,334.69,非都市：山坡地保育區 ; 非都市編定：農牧用地,2,1,持分移轉,04280000
RPPNMLPLPHKGFCU37DA,學園段,169.90,非都市：山坡地保育區 ; 非都市編定：農牧用地,2,1,持分移轉,04290000
RPPNMLPLPHKGFCU37DA,學園段,2360.14,非都市：山坡地保育區 ; 非都市編定：農牧用地,2,1,持分移轉,04300000
RPPNMLPLPHKGFCU37DA,學園段,522.89,非都市：山坡地保育區 ; 非都市編定：農牧用地,2,1,持分移轉,05490000
RPPNMLPLPHKGFCU37DA,學園段,391.60,非都市：山坡地保育區 ; 非都市編定：農牧用地,2,1,持分移轉,05510000
RPQNMLSKPHKGFAU47DA,新興段,33.61,都市：住,24,1,持分移轉,00260000
RPQNMLSKPHKGFAU47DA,新興段,35.69,都市：住,24,1,持分移轉,00360000
RPQNMLSKPHKGFAU47DA,新興段,64.76,都市：住,24,1,持分移轉,00370000
RPQNMLSKPHKGFAU47DA,新興段,14.34,都市：商,24,1,持分移轉,00920000
RPQNMLSKPHKGFAU47DA,新興段,18.27,都市：其他:道路用地,24,1,持分移轉,01720000
RPPNMLMKQHKGFAU86DA,光華段二小段,15.85,非都市：工業區 ; 非都市編定：丁種建築用地,1000,33,持分移轉,00660008
RPQNMLSJQHKGFAU47DA,三棧段,15000.00,非都市：風景區 ; 非都市編定：林業用地,1,1,全筆移轉,00450048
RPPNMLSJQHKGFAU37DA,道拉斯段,9172.67,非都市：山坡地保育區 ; 非都市編定：林業用地,1,1,全筆移轉,05580000
RPRNMLMKQHKGFAU07DA,裕民段,5.75,都市：住,10000,229,持分移轉,01930000
RPRNMLMKQHKGFAU07DA,裕民段,2.79,都市：住,10000,229,持分移轉,01930001
RPRNMLMKQHKGFAU07DA,裕民段,2.79,都市：住,10000,229,持分移轉,01930002
RPRNMLMKQHKGFAU07DA,裕民段,2.79,都市：住,10000,229,持分移轉,01930003
RPRNMLMKQHKGFAU07DA,裕民段,5.82,都市：住,10000,229,持分移轉,01930004
RPTNMLSJQHKGFAU77DA,民意段,118.00,都市：住,1,1,全筆移轉,02800022
RPRNMLLKQHKGFAU96DA,裕民段,10.37,都市：商,1000000,22387,持分移轉,05490000
RPPNMLKKQHKGFCU86DA,禹西段,1472.46,非都市：特定農業區 ; 非都市編定：農牧用地,1,1,全筆移轉,08360000
RPTNMLLMPHKGFAU27DA,功學段,106.35,都市：其他:農業區,1,1,全筆移轉,01400000
RPTNMLRJQHKGFAU67DA,豐山段,29.08,非都市：鄉村區 ; 非都市編定：乙種建築用地,1,1,全筆移轉,06080000
RPPNMLOJQHKGFCU27EA,蚊子洞段,141.23,非都市：山坡地保育區 ; 非都市編定：丙種建築用地,1,1,全筆移轉,02260000
RPQNMLRJQHKGFAU37DA,功學段,56.50,都市：其他:農業區,1,1,全筆移轉,00100000
RPPOMLSJQHKGFAU47DA,福興段,42.00,都市：商,1,1,全筆移轉,04940000
RPPOMLSJQHKGFAU47DA,福興段,18.00,都市：其他:道路用地,1,1,全筆移轉,04940001
RPPNMLMKQHKGFBU96DA,馬佛段,23.70,非都市：一般農業區 ; 非都市編定：農牧用地,1,1,全筆移轉,00660000
RPPNMLMKQHKGFBU96DA,馬佛段,4.92,非都市：一般農業區 ; 非都市編定：農牧用地,1,1,全筆移轉,00660001
RPPNMLMKQHKGFCU07DA,中興段,97.71,都市：其他:住宅區,1,1,全筆移轉,05380006
RPPNMLMKQHKGFBU96DA,馬佛段,336.38,非都市：一般農業區 ; 非都市編定：農牧用地,1,1,全筆移轉,00660002
RPPNMLMKQHKGFBU96DA,馬佛段,142.00,非都市：一般農業區 ; 非都市編定：農牧用地,1,1,全筆移轉,00670000
RPPNMLMKQHKGFBU96DA,馬佛段,32.89,非都市：一般農業區 ; 非都市編定：農牧用地,1,1,全筆移轉,00680000
RPPNMLMKQHKGFBU96DA,馬佛段,217.57,非都市：一般農業區 ; 非都市編定：農牧用地,1,1,全筆移轉,00680001
RPPNMLMKQHKGFBU96DA,馬佛段,52.65,非都市：一般農業區 ; 非都市編定：農牧用地,1,1,全筆移轉,00700000
RPQNMLOKQHKGFAU17DA,吉興段,80.28,都市：住,1,1,全筆移轉,01170007
RPQNMLMKQHKGFBU07DA,鳳仁段,87.00,都市：其他:住宅區,1,1,全筆移轉,05560023
RPQNMLOKQHKGFAU17DA,吉興段,13.88,都市：住,12,1,持分移轉,01170009
RPTNMLOKQHKGFAU47DA,民意段,165.00,都市：住,1,1,全筆移轉,02730069
RPVNMLOKQHKGFAU67DA,林森段,64.00,都市：住,1,1,全筆移轉,31230000
RPPNMLOKQHKGFAU17EA,國股段,757.28,都市：其他:廣場兼停車場用地,1,1,全筆移轉,06700000
RPPNMLOKQHKGFAU17EA,國股段,405.55,都市：其他:道路用地,1,1,全筆移轉,06700001
RPUNMLPKQHKGFAU67DA,石壁段,19.28,非都市：一般農業區 ; 非都市編定：甲種建築用地,12,1,持分移轉,08970001
RPUNMLPKQHKGFAU67DA,石壁段,94.30,非都市：一般農業區 ; 非都市編定：甲種建築用地,1,1,全筆移轉,08970018
RPRNMLRJQHKGFAU47DA,德安段,79.00,都市：住,1,1,全筆移轉,00930002
RPRNMLOKQHKGFAU27DA,碧雲段,16.87,都市：其他:住宅區,10000,119,持分移轉,00500005
RPRNMLRJQHKGFAU47DA,德安段,28.00,都市：住,1,1,全筆移轉,01450002
RPRNMLOKQHKGFAU27DA,碧雲段,39.00,都市：其他:住宅區,1,1,全筆移轉,00500039
RPRNMLOKQHKGFAU27DA,碧雲段,10.41,都市：其他:道路用地,10000,86,持分移轉,00520001
RPRNMLOKQHKGFAU27DA,碧雲段,2.75,都市：其他:住宅區,10000,86,持分移轉,00520003
RPRNMLOKQHKGFAU27DA,碧雲段,1.63,都市：其他:住宅區,10000,86,持分移轉,00520007
RPRNMLOKQHKGFAU27DA,碧雲段,4.01,都市：其他:住宅區,10000,86,持分移轉,00520008
RPOOMLKMPHKGFAU76DA,光中段,976.08,非都市：一般農業區 ; 非都市編定：農牧用地,1,1,全筆移轉,08240000
RPSNMLLKQHKGFAU07DA,南埔段,65.00,非都市：特定農業區 ; 非都市編定：農牧用地,1100,55,持分移轉,22010000
RPSNMLLKQHKGFAU07DA,南埔段,65.45,非都市：鄉村區 ; 非都市編定：乙種建築用地,100,55,持分移轉,22010006
RPPNMLLJQHKGFAU66DA,仁禮段,3.00,,1,1,全筆移轉,07870003
RPPNMLSKQHKGFCU67DA,瑞泉段,112.00,非都市：一般農業區 ; 非都市編定：甲種建築用地,1,1,全筆移轉,05550000
RPSNMLRKPHKGFAU57DA,林森段,42.00,都市：其他:住宅區,2,1,持分移轉,30800000
RPQNMLNKQHKGFCU27DA,古風段,3330.00,非都市：山坡地保育區 ; 非都市編定：農牧用地,1,1,全筆移轉,01970000
RPVNMLRKPHKGFAU87DA,太昌段,73.00,都市：住,1,1,全筆移轉,05510000
RPPNMLRLQHKGFCU67DA,舞鶴東段,1212.42,非都市：山坡地保育區 ; 非都市編定：農牧用地,1,1,全筆移轉,01050000
RPPNMLRLQHKGFCU67DA,舞鶴東段,4468.09,非都市：山坡地保育區 ; 非都市編定：農牧用地,1,1,全筆移轉,01060000
RPPNMLQLQHKGFCU57DA,永良段,251.12,非都市：特定農業區 ; 非都市編定：甲種建築用地,1,1,全筆移轉,01630000
RPXNMLSKQHKGFAU28DA,德安段,55.83,都市：其他:學校用地,40,11,持分移轉,06280015
RPOOMLKLQHKGFAU76DA,主商段,30.00,都市：其他:住宅區,1,1,全筆移轉,12440000
RPOOMLKLQHKGFAU76DA,主商段,49.00,都市：其他:住宅區,1,1,全筆移轉,12450000
RPQOMLSKQHKGFAU67DA,民意段,104.00,都市：住,1,1,全筆移轉,02800065
RPOOMLTKQHKGFAU57DA,民享段,58.00,都市：其他:住宅區,1,1,全筆移轉,05160000
RPQOMLTKQHKGFAU77DA,國光段,25.32,都市：其他:住宅區,10000,214,持分移轉,00330000
RPQNMLTKQHKGFAU67DA,仁禮段,8.58,都市：住,10000,128,持分移轉,10700000
RPUNMLTKQHKGFAU08DA,宜昌段,96.00,都市：住,1,1,全筆移轉,06340000
RPQNMLRLQHKGFCU77DA,學園段,1135.57,非都市：特定農業區 ; 非都市編定：農牧用地,1,1,全筆移轉,09830000
RPQNMLRLQHKGFCU77DA,學園段,442.08,非都市：山坡地保育區 ; 非都市編定：農牧用地,1,1,全筆移轉,10440000
RPQNMLRLQHKGFCU77DA,學園段,45.93,非都市：特定農業區 ; 非都市編定：農牧用地,1,1,全筆移轉,10450000
RPRNMLOKQHKGFBU37DA,宮下段,195.55,非都市：風景區 ; 非都市編定：丙種建築用地,1,1,全筆移轉,01320000
RPSNMLLLQHKGFAU17DA,福安段,44.00,都市：其他:住宅區,1,1,全筆移轉,13420000
RPTNMLLLQHKGFAU27DA,莊敬段,18.56,都市：住,20000,990,持分移轉,07560000
RPRNMLMLQHKGFAU17DA,富國段,147.00,都市：住,1,1,全筆移轉,00400010
RPSNMLKLQHKGFCU27DA,高寮段,113.18,非都市：一般農業區 ; 非都市編定：甲種建築用地,1,1,全筆移轉,01010001
RPQNMLPKQHKGFBU37DA,大安段,64.00,都市：其他:住宅區,1,1,全筆移轉,16130000
RPPNMLLLQHKGFCU07DA,神農段,4137.03,非都市：一般農業區 ; 非都市編定：農牧用地,1,1,全筆移轉,03840000
RPPNMLLLQHKGFCU07DA,神農段,2900.00,非都市：一般農業區 ; 非都市編定：農牧用地,1,1,全筆移轉,05220000
RPPNMLLLQHKGFCU07DA,神農段,277.00,非都市：一般農業區 ; 非都市編定：農牧用地,1,1,全筆移轉,05280000
RPRNMLKLQHKGFAU96DA,明義段,152.50,都市：商,2,1,持分移轉,13080002
RPQNMLLLQHKGFCU17DA,農場段,1939.99,非都市：特定農業區 ; 非都市編定：農牧用地,1,1,全筆移轉,01310000
RPQNMLLLQHKGFCU17DA,農場段,258.53,非都市：特定農業區 ; 非都市編定：農牧用地,1,1,全筆移轉,01460000
RPQNMLLLQHKGFCU17DA,農場段,284.56,非都市：特定農業區 ; 非都市編定：農牧用地,1,1,全筆移轉,01470000
RPQNMLLLQHKGFCU17DA,農場段,1891.07,非都市：特定農業區 ; 非都市編定：農牧用地,1,1,全筆移轉,01480000
RPRNMLTKQHKGFAU77DA,民勤段,153.00,都市：農,1,1,全筆移轉,17060000
RPQNMLKLQHKGFAU86DA,慈安段,218.00,都市：住,1,1,全筆移轉,11880000
RPPNMLLLPHKGFAU86EA,樹人段,8.94,都市：住,36,1,持分移轉,05650000
RPPNMLMLQHKGFCU17DA,玉城段,43.83,都市：其他:商業區,10000,308,持分移轉,04410000
RPPNMLMLQHKGFCU17DA,玉城段,5.17,都市：其他:商業區,10000,308,持分移轉,06370000
RPPNMLMLQHKGFCU17DA,玉城段,41.15,都市：其他:商業區,10000,308,持分移轉,06410000
RPPNMLMLQHKGFCU17DA,玉城段,.06,都市：其他:住宅區,10000,308,持分移轉,06410001
RPPNMLLJQHKGFBU76DA,北林段,470.39,非都市：特定農業區 ; 非都市編定：甲種建築用地,229608,212149,持分移轉,02960000
RPPNMLLJQHKGFBU76DA,北林段,251.00,非都市：特定農業區 ; 非都市編定：甲種建築用地,1,1,全筆移轉,02960001
RPPNMLLJQHKGFBU76DA,北林段,248.60,非都市：特定農業區 ; 非都市編定：甲種建築用地,1,1,全筆移轉,02960002
RPPNMLLJQHKGFBU76DA,北林段,246.23,非都市：特定農業區 ; 非都市編定：甲種建築用地,1,1,全筆移轉,02960003
RPPNMLLJQHKGFBU76DA,北林段,168.26,非都市：特定農業區 ; 非都市編定：甲種建築用地,1,1,全筆移轉,02960004
RPPNMLLJQHKGFBU76DA,北林段,236.59,非都市：特定農業區 ; 非都市編定：甲種建築用地,1,1,全筆移轉,02960005
RPTNMLMLQHKGFAU37DA,光輝段,887.47,非都市：一般農業區 ; 非都市編定：農牧用地,1,1,全筆移轉,06200000
RPPNMLLJQHKGFBU76DA,北林段,234.32,非都市：特定農業區 ; 非都市編定：甲種建築用地,1,1,全筆移轉,02960006
RPPNMLLJQHKGFBU76DA,北林段,238.48,非都市：特定農業區 ; 非都市編定：甲種建築用地,1,1,全筆移轉,02960007
RPPNMLLJQHKGFBU76DA,北林段,152.18,非都市：特定農業區 ; 非都市編定：甲種建築用地,1,1,全筆移轉,02960008
RPPNMLLJQHKGFBU76DA,北林段,175.74,非都市：特定農業區 ; 非都市編定：甲種建築用地,1,1,全筆移轉,02960009
RPPNMLLJQHKGFBU76DA,北林段,170.09,非都市：特定農業區 ; 非都市編定：甲種建築用地,1,1,全筆移轉,02960010
RPWNMLKLQHKGFAU47DA,裕民段,17.48,都市：住,10000,85,持分移轉,03210000
RPQNMLPLQHKGFAU37DA,志平段,692.93,都市：住,5,1,持分移轉,03610000
RPQNMLPLQHKGFAU37DA,志平段,218.78,都市：住,5,1,持分移轉,03610001
RPQNMLPLQHKGFAU37DA,志平段,213.40,都市：住,5,1,持分移轉,03610002
RPQNMLPLQHKGFAU37DA,志平段,166.98,都市：其他:綠地,5,1,持分移轉,03610003
RPQNMLPLQHKGFAU37DA,志平段,291.31,都市：其他:道路用地,5,1,持分移轉,03610004
RPQNMLPLQHKGFAU37DA,志平段,52.38,都市：住,5,1,持分移轉,03610005
RPQNMLPLQHKGFAU37DA,志平段,14.82,都市：住,5,1,持分移轉,03610006
RPQNMLLLPHKGFAU96EA,樹人段,8.94,都市：住,36,1,持分移轉,05650000
RPUNMLQLQHKGFAU87DA,福祥段,76.00,都市：其他:住宅區,1,1,全筆移轉,06560000
RPQNMLPLQHKGFCU57DA,學園段,797.63,非都市：山坡地保育區 ; 非都市編定：農牧用地,1,1,全筆移轉,01450000
RPOOMLSKQHKGFAU47DA,自強段,44.50,都市：住,10,1,持分移轉,00450000
RPXNMLQLQHKGFAU18DA,明義段,43.00,都市：商,1,1,全筆移轉,10370001
RPRNMLRLQHKGFAU67DA,永安段,4958.27,非都市：一般農業區 ; 非都市編定：農牧用地,1,1,全筆移轉,10150000
RPXNMLQLQHKGFAU18DA,明義段,74.00,都市：商,1,1,全筆移轉,10370002
RPXNMLQLQHKGFAU18DA,明義段,11.00,都市：商,1,1,全筆移轉,10390001
RPOOMLRLQHKGFAU47DA,自強段,105.00,都市：住,1,1,全筆移轉,01080015
RPOOMLOKQHKGFAU07DA,光英段,1158.85,非都市：一般農業區 ; 非都市編定：農牧用地,1,1,全筆移轉,02000002
RPPNMLQLQHKGFCU67EA,舞鶴東段,779.00,非都市：山坡地保育區 ; 非都市編定：農牧用地,1,1,全筆移轉,11440000
RPSNMLQLQHKGFCU87DA,大里段,2390.00,非都市：山坡地保育區 ; 非都市編定：農牧用地,1,1,全筆移轉,22920000
RPRNMLRLQHKGFCU87DA,酸柑段,247.44,非都市：一般農業區 ; 非都市編定：甲種建築用地,1,1,全筆移轉,07140000
RPPNMLLJRHKGFCU96DA,玉泉段,20.00,都市：其他:鐵路用地,1,1,全筆移轉,00040002
RPRNMLTLQHKGFCU08DA,瑞美段,110.82,都市：其他:住宅區,1,1,全筆移轉,10390009
RPPNMLTLQHKGFBU77DA,嘉羅蘭段,8152.03,非都市：山坡地保育區 ; 非都市編定：農牧用地,1,1,全筆移轉,05730000
RPTOMLLJRHKGFAU27DA,南埔段,133.00,非都市：特定農業區 ; 非都市編定：甲種建築用地,1,1,全筆移轉,32740088
RPPNMLNJRHKGFBU07DA,大安段,318.43,都市：其他:農業區,4,2,持分移轉,01250057
RPPNMLNJRHKGFBU07DA,大安段,127.00,都市：其他:住宅區,4,2,持分移轉,08550000
RPWNMLTLQHKGFAU38DA,路內段,2863.67,都市：農,1,1,全筆移轉,00040000
RPSNMLTLQHKGFAU97DA,仁義段,62.00,都市：住,1,1,全筆移轉,02540000
RPRNMLQLQHKGFAU57DA,碧雲段,81.00,都市：其他:住宅區,1,1,全筆移轉,04340001
RPPNMLMLPHKGFBU96DA,大安段,561.00,都市：其他:住宅區,1,1,全筆移轉,13500010
RPRNMLMJRHKGFCU27DA,德武段,800.85,非都市：鄉村區 ; 非都市編定：乙種建築用地,1,1,全筆移轉,14350000
RPWNMLTLQHKGFAU38DA,路內段,2645.53,都市：農,1,1,全筆移轉,00040001
RPQNMLTLQHKGFAU77DA,路內段,133.26,都市：農,1,1,全筆移轉,12040000
RPXNMLNJRHKGFAU77DA,仁義段,98.00,都市：住,1,1,全筆移轉,04850000
RPSNMLKMPHKGFAU07DA,慈安段,100.00,都市：住,1,1,全筆移轉,06980026
RPVNMLLJRHKGFAU37DA,嘉南段,96.00,都市：住,1,1,全筆移轉,01200005
RPVNMLMJRHKGFAU47DA,嘉平段,56.00,都市：其他:道路用地,1,1,全筆移轉,12070000
RPVNMLMJRHKGFAU47DA,嘉平段,119.00,都市：住,1,1,全筆移轉,12080000
RPPNMLNJRHKGFCU17DA,樂合段,1974.00,非都市：山坡地保育區 ; 非都市編定：農牧用地,1,1,全筆移轉,08020004
RPQNMLOJRHKGFAU17DA,永興段,125.67,非都市：特定農業區 ; 非都市編定：甲種建築用地,1,1,全筆移轉,01680000
RPTNMLOJRHKGFAU47DA,石壁段,19.28,非都市：一般農業區 ; 非都市編定：甲種建築用地,12,1,持分移轉,08970001
RPTNMLOJRHKGFAU47DA,石壁段,98.76,非都市：一般農業區 ; 非都市編定：甲種建築用地,1,1,全筆移轉,08970022
RPPNMLPJRHKGFAU17DA,慶豐段,42.86,都市：住,10000,390,持分移轉,19170003
RPUNMLLJRHKGFAU27DA,永興段,88.03,非都市：鄉村區 ; 非都市編定：乙種建築用地,1,1,全筆移轉,08370009
RPUNMLOJRHKGFAU57DA,北濱段,55.00,都市：住,1,1,全筆移轉,14100000
RPPNMLSJRHKGFAU47DA,民享段,13.66,都市：其他:商業區,1000,33,持分移轉,05090000
RPWNMLOJRHKGFAU77DA,裕民段,13.36,都市：住,10000,65,持分移轉,03210000
RPTNMLOLPHKGFAU47DA,國股段,509.17,都市：其他:農業區,3,1,持分移轉,07050000
RPQNMLPJRHKGFAU27DA,民享段,6.08,都市：其他:商業區,10000,120,持分移轉,09350000
RPRNMLMKQHKGFCU27DA,永良段,880.63,非都市：特定農業區 ; 非都市編定：甲種建築用地,1,1,全筆移轉,00760000
RPPNMLPLPHKGFAU17DA,碧雲段,17.18,都市：其他:商業區,22,1,持分移轉,04210000
RPPNMLPLPHKGFAU17DA,碧雲段,95.00,都市：其他:商業區,1,1,全筆移轉,04210015
RPSNMLQJQHKGFAU47DA,福興段,86.00,都市：住,1,1,全筆移轉,08710021
RPTNMLOLPHKGFAU47DA,國股段,84.55,都市：其他:道路用地,3,1,持分移轉,07050001
RPTNMLOLPHKGFAU47DA,國股段,65.25,都市：其他:廣場兼停車場用地,3,1,持分移轉,07050002
RPRNMLKLQHKGFCU17DA,玉城段,13.00,都市：其他:住宅區,1,1,全筆移轉,12300007
RPRNMLKLQHKGFCU17DA,玉城段,54.00,都市：其他:住宅區,1,1,全筆移轉,12300008
RPRNMLKLQHKGFCU17DA,玉城段,29.00,都市：其他:住宅區,1,1,全筆移轉,12300009
RPWNMLLJRHKGFAU47DA,慶豐段,105.00,都市：住,1,1,全筆移轉,19190005
RPRNMLLKPHKGFCU07DA,玉昌段,7.00,都市：其他:住宅區,1,1,全筆移轉,12630003
RPRNMLLKPHKGFCU07DA,玉昌段,82.00,都市：其他:住宅區,1,1,全筆移轉,12680000
RPPNMLNKOHKGFBU96EA,支亞干段,1972.43,非都市：一般農業區 ; 非都市編定：農牧用地,1,1,全筆移轉,07100000
RPOOMLLJRHKGFAU76DA,德安段,13.60,都市：住,100000,297,持分移轉,19020000
RPQNMLKKOHKGFCU86EA,崙布山段,496.27,非都市：山坡地保育區 ; 非都市編定：農牧用地,1,1,全筆移轉,12390002
RPPNMLNKOHKGFCU07EA,鱉溪段,8892.82,非都市：山坡地保育區 ; 非都市編定：農牧用地,1,1,全筆移轉,00990000
RPPNMLNKOHKGFCU07EA,鱉溪段,587.34,非都市：山坡地保育區 ; 非都市編定：農牧用地,1,1,全筆移轉,01910000
RPPNMLLKOHKGFBU76EA,支亞干段,906.81,非都市：山坡地保育區 ; 非都市編定：農牧用地,1,1,全筆移轉,24340000
RPPNMLLKOHKGFBU76EA,支亞干段,372.77,非都市：山坡地保育區 ; 非都市編定：農牧用地,1,1,全筆移轉,24550000
RPPNMLTJOHKGFCU57EA,崙布山段,2075.17,非都市：山坡地保育區 ; 非都市編定：農牧用地,1,1,全筆移轉,06040000
RPQNMLSKOHKGFAU37DA,嘉平段,84.00,都市：住,1,1,全筆移轉,01420000
RPOOMLRKOHKGFAU17DA,光榮段,34.96,都市：農,8,1,持分移轉,04880000
RPOOMLRKOHKGFAU17DA,光榮段,144.54,都市：農,1,1,全筆移轉,04880008
RPOOMLRKOHKGFAU17DA,光榮段,3.28,都市：農,8,1,持分移轉,04880010
RPOOMLRKOHKGFAU17DA,光榮段,11.52,都市：農,8,1,持分移轉,04880011
RPOOMLRKOHKGFAU17DA,光榮段,11.79,都市：農,8,1,持分移轉,04880014
RPOOMLRKOHKGFAU17DA,光榮段,119.69,都市：其他:道路用地,1,1,全筆移轉,04880016
RPRNMLKLOHKGFCU96DA,東寧段,1325.04,非都市：山坡地保育區 ; 非都市編定：農牧用地,1,1,全筆移轉,06370000
RPRNMLKLOHKGFCU96DA,東寧段,4628.68,非都市：山坡地保育區 ; 非都市編定：農牧用地,1,1,全筆移轉,06380000
RPRNMLKLOHKGFCU96DA,東寧段,1180.26,非都市：山坡地保育區 ; 非都市編定：農牧用地,1,1,全筆移轉,06710000
RPRNMLKLOHKGFCU96DA,東寧段,1383.39,非都市：山坡地保育區 ; 非都市編定：農牧用地,1,1,全筆移轉,06750000
RPQNMLMKOHKGFBU86DA,里烈可段,7322.08,非都市：山坡地保育區 ; 非都市編定：農牧用地,1,1,全筆移轉,01480002
RPTOMLQKOHKGFAU57DA,仁廉段,149.40,都市：其他:河川區,2920,1494,持分移轉,10200000
RPRNMLRKOHKGFAU37DA,北濱段,290.00,都市：商,1,1,全筆移轉,06170000
RPRNMLRKOHKGFAU37DA,北濱段,819.00,都市：商,1,1,全筆移轉,06330004
RPQNMLNKOHKGFCU07DA,塔菲拉段,371.70,非都市：山坡地保育區 ; 非都市編定：農牧用地,1,1,全筆移轉,03010000
RPVNMLOJQHKGFAU57DA,仁和段,22.11,非都市：特定農業區 ; 非都市編定：甲種建築用地,10000,270,持分移轉,05850000
RPQOMLNLOHKGFAU07DA,仁廉段,5.83,都市：住,12,1,持分移轉,09990000
RPPNMLKLOHKGFBU66DA,大安段,162.00,都市：其他:商業區,1,1,全筆移轉,17740000
RPVNMLSKOHKGFAU87DA,富國段,6.18,都市：住,20000,103,持分移轉,01900000
RPWOMLQKOHKGFAU87DA,自強段,5.63,都市：住,10000,34,持分移轉,00140000
RPROMLTKOHKGFAU67DA,草林段,27.56,非都市：一般農業區 ; 非都市編定：甲種建築用地,1,1,全筆移轉,06350010
RPQNMLNLOHKGFBU07DA,新白陽段,843.25,非都市：山坡地保育區 ; 非都市編定：農牧用地,1,1,全筆移轉,00790000
RPQNMLNLOHKGFBU07DA,新白陽段,12951.04,非都市：山坡地保育區 ; 非都市編定：農牧用地,1,1,全筆移轉,00870000
RPTNMLOLOHKGFAU37DA,福興段,246.00,都市：住,1,1,全筆移轉,11380000
RPTNMLOLOHKGFAU37DA,福興段,43.00,都市：其他:道路用地,1,1,全筆移轉,11380001
RPTNMLOLOHKGFAU37DA,福興段,36.00,都市：其他:道路用地,1,1,全筆移轉,11380002
RPPNMLQKOHKGFCU27DA,谷優段,2592.02,非都市：山坡地保育區 ; 非都市編定：農牧用地,1,1,全筆移轉,07220000
RPUNMLTJOHKGFAU77DA,永安段,84.50,非都市：鄉村區 ; 非都市編定：乙種建築用地,1,1,全筆移轉,02000006
RPPNMLKKOHKGFAU09DA,嘉南段,37.78,都市：住,10000,275,持分移轉,04970000
RPPNMLSKOHKGFCU47DA,石平段,3890.00,非都市：山坡地保育區 ; 非都市編定：林業用地,1,1,全筆移轉,02160000
RPPNMLSKOHKGFCU47DA,石平段,3040.00,非都市：山坡地保育區 ; 非都市編定：林業用地,1,1,全筆移轉,02390000
RPPNMLSKOHKGFCU47DA,石平段,4090.00,非都市：山坡地保育區 ; 非都市編定：林業用地,1,1,全筆移轉,02440000
RPPNMLSKOHKGFCU47DA,石平段,10840.00,非都市：山坡地保育區 ; 非都市編定：林業用地,1,1,全筆移轉,03480000
RPTNMLKLOHKGFCU17DA,瑞美段,180.60,都市：其他:住宅區,1,1,全筆移轉,02010004
RPSNMLLKOHKGFAU86DA,仁廉段,149.00,都市：住,1,1,全筆移轉,00100000
RPQNMLQLOHKGFCU47DA,梧繞段,305.74,非都市：鄉村區 ; 非都市編定：乙種建築用地,3,1,持分移轉,06560000
RPQNMLQLOHKGFCU47DA,梧繞段,32.55,非都市：鄉村區 ; 非都市編定：乙種建築用地,8,3,持分移轉,06570000
RPRNMLQLOHKGFCU57DA,梧繞段,305.74,非都市：鄉村區 ; 非都市編定：乙種建築用地,3,1,持分移轉,06560000
RPRNMLQLOHKGFCU57DA,梧繞段,21.70,非都市：鄉村區 ; 非都市編定：乙種建築用地,8,2,持分移轉,06570000
RPPNMLKMOHKGFCU86DA,竹田段,4047.14,非都市：特定農業區 ; 非都市編定：農牧用地,1,1,全筆移轉,02310000
RPPOMLRKOHKGFAU27DA,仁義段,91.00,都市：住,1,1,全筆移轉,03730019
RPTNMLTKOHKGFAU77DA,宜安段,532.00,都市：其他:道路用地,1,1,全筆移轉,07550000
RPPNMLLLOHKGFAU66DA,德布克段,1023.78,都市：農,1,1,全筆移轉,00340000
RPPNMLRKOHKGFAU27EA,道拉斯段,3580.39,非都市：山坡地保育區 ; 非都市編定：農牧用地,1,1,全筆移轉,06790000
RPVNMLOLOHKGFAU57DA,路內段,105.54,都市：住,100000,2049,持分移轉,03740000
RPSNMLTKOHKGFAU67DA,慈安段,193.00,都市：其他:道路用地,1,1,全筆移轉,05210000
RPSNMLTKOHKGFAU67DA,仁禮段,113.00,都市：其他:道路用地,1,1,全筆移轉,05230000
RPPNMLPLOHKGFBU17DA,馬遠段,2843.50,非都市：山坡地保育區 ; 非都市編定：農牧用地,2,1,持分移轉,13330503
RPPNMLKLOHKGFCU76DA,瑞穗段,121.00,非都市：特定農業區 ; 非都市編定：甲種建築用地,1,1,全筆移轉,21890021
RPPNMLLJPHKGFBU66DA,嘉羅蘭段,8152.03,非都市：山坡地保育區 ; 非都市編定：農牧用地,1,1,全筆移轉,05730000
RPQNMLLJPHKGFCU86DA,中興段,85.54,都市：其他:商業區,1,1,全筆移轉,06040000
RPSNMLLJPHKGFAU86DA,豐東段,486.62,非都市：鄉村區 ; 非都市編定：乙種建築用地,1,1,全筆移轉,12480001
RPSNMLLJPHKGFAU86DA,豐東段,486.63,非都市：鄉村區 ; 非都市編定：乙種建築用地,1,1,全筆移轉,12480002
RPQNMLRLOHKGFCU57DA,明里段,5162.56,非都市：特定農業區 ; 非都市編定：農牧用地,1,1,全筆移轉,06330000
RPQNMLRLOHKGFCU57DA,明里段,89.18,非都市：特定農業區 ; 非都市編定：農牧用地,1,1,全筆移轉,06340000
RPQNMLRLOHKGFCU57DA,明里段,3045.21,非都市：特定農業區 ; 非都市編定：農牧用地,1,1,全筆移轉,06380000
RPQNMLLJPHKGFAU66DA,樹人段,12.67,都市：商,1000,29,持分移轉,05630000
RPVNMLMJPHKGFAU27DA,克來寶段,100.00,都市：住,1,1,全筆移轉,00490000
RPVNMLMJPHKGFAU27DA,克來寶段,100.01,都市：住,1,1,全筆移轉,00500000
RPWNMLRLOHKGFAU97DA,仁義段,34.17,都市：住,100000,12562,持分移轉,04840000
RPWNMLKMOHKGFAU37DA,莊敬段,20.56,都市：住,9,1,持分移轉,06950000
RPQOMLRLOHKGFAU47DA,仁義段,33.83,都市：住,100000,12438,持分移轉,04840000
RPPOMLRLOHKGFAU37DA,仁義段,34.17,都市：住,100000,12562,持分移轉,04840000
RPTNMLRLOHKGFAU67DA,仁義段,34.17,都市：住,100000,12562,持分移轉,04840000
RPRNMLKMOHKGFAU86DA,仁義段,34.17,都市：住,100000,12562,持分移轉,04840000
RPPOMLQLOHKGFAU27DA,吳全段,9.04,都市：農,10000,110,持分移轉,09900000
RPWNMLMJPHKGFAU37DA,大湖腳段,12655.45,非都市：山坡地保育區 ; 非都市編定：林業用地,1,1,全筆移轉,00760000
RPUNMLRLOHKGFAU77DA,仁義段,33.83,都市：住,100000,12438,持分移轉,04840000
RPOOMLRLOHKGFAU27DA,仁義段,33.83,都市：住,100000,12438,持分移轉,04840000
RPQNMLMJPHKGFCU96DA,富安段,62.19,都市：其他:商業區,1,1,全筆移轉,03940000
RPQNMLMJPHKGFCU96DA,富安段,30.11,,1,1,全筆移轉,03950001
RPQNMLNJPHKGFAU96EA,下水源段,2503.19,非都市：山坡地保育區 ; 非都市編定：農牧用地,1,1,全筆移轉,02600000
RPPNMLLJPHKGFCU76DA,玉城段,88.00,都市：其他:住宅區,1,1,全筆移轉,01710002
RPPNMLQLOHKGFCU37DA,瑞泉段,198.25,都市：其他:體育場用地,1,1,全筆移轉,01750000
RPROMLQLOHKGFAU47DA,富國段,2.67,都市：商,10000,16,持分移轉,03090000
RPQNMLRLOHKGFAU37DA,仁禮段,6.50,都市：其他:河川區,14000,6505,持分移轉,00140000
RPPNMLLJPHKGFBU76EA,新紅葉段,3484.31,非都市：山坡地保育區 ; 非都市編定：林業用地,1,1,全筆移轉,13160000
RPQNMLRLOHKGFAU37DA,仁廉段,142.60,都市：其他:河川區,2920,1426,持分移轉,10200000
RPQOMLTKOHKGFAU57DA,四維段,243.53,都市：農,10,1,持分移轉,00790000
RPPNMLOJPHKGFBU96DA,萬利段,8702.39,非都市：山坡地保育區 ; 非都市編定：農牧用地,1,1,全筆移轉,13930000
RPXNMLNJPHKGFAU57DA,裕民段,22.62,都市：住,100000,2287,持分移轉,04390000
RPQOMLNJPHKGFAU96DA,富國段,90.00,都市：商,1,1,全筆移轉,04710003
RPPOMLNJPHKGFAU86DA,吳全段,12.57,都市：農,10000,153,持分移轉,09900000
RPROMLNJPHKGFAU07DA,福安段,11.64,都市：其他:住宅區,10000,54,持分移轉,19340000
RPPNMLRLOHKGFAU27DA,南埔段,30.00,非都市：鄉村區 ; 非都市編定：乙種建築用地,1,1,全筆移轉,21670035
RPPNMLRLOHKGFAU27DA,南埔段,86.00,非都市：鄉村區 ; 非都市編定：乙種建築用地,1,1,全筆移轉,21680017
RPTNMLOJPHKGFAU27DA,草林段,1809.01,非都市：一般農業區 ; 非都市編定：農牧用地,1,1,全筆移轉,07900000
RPWNMLSJPHKGFAU97DA,志新段,94.55,都市：住,1,1,全筆移轉,03720000
RPQOMLSJPHKGFAU47DA,宜寧段,103.00,都市：住,1,1,全筆移轉,04640000
RPRNMLKKPHKGFAU76DA,林森段,81.00,都市：商,1,1,全筆移轉,11670000
RPPOMLSJPHKGFAU37DA,裕民段,27.04,都市：住,100000,2734,持分移轉,04390000
RPPNMLSJPHKGFBU47EA,大平段,2870.00,都市：其他:農業區,1,1,全筆移轉,04210000
RPROMLRJPHKGFAU47DA,北濱段,10.09,都市：住,1000,29,持分移轉,05870022
RPVNMLKKPHKGFAU17DA,天佑段,79.26,非都市：鄉村區 ; 非都市編定：乙種建築用地,1,1,全筆移轉,02970000
RPUNMLSJPHKGFBU87DA,鳳仁段,114.00,都市：其他:住宅區,1,1,全筆移轉,07590000
RPTNMLSJPHKGFAU67DA,克來寶段,1998.83,都市：工,1,1,全筆移轉,00130010
RPTNMLSJPHKGFAU67DA,克來寶段,1998.89,都市：工,1,1,全筆移轉,00130025
RPTOMLKKPHKGFAU07DA,慈安段,95.37,都市：住,10000,220,持分移轉,10670000
RPPNMLSJPHKGFAU27DA,民勤段,15.15,都市：住,10000,191,持分移轉,00430002
RPQOMLRJPHKGFAU37DA,功學段,107.90,,1,1,全筆移轉,01400001
RPXNMLLKPHKGFAU47DA,德安段,33.29,都市：住,10000,506,持分移轉,18650000
RPQOMLKKPHKGFAU76DA,碧雲段,71.00,都市：其他:住宅區,1,1,全筆移轉,00640094
RPPNMLTJPHKGFCU57DA,中平段,122.15,都市：其他:住宅區,1,1,全筆移轉,01170005
RPRNMLTJPHKGFCU77DA,玉璞段,113.00,都市：其他:住宅區,1,1,全筆移轉,31270000
RPPNMLLKPHKGFAU66DA,慈惠段一小段,296.19,都市：住,1,1,全筆移轉,00760000
RPXNMLOKPHKGFAU77DA,石壁段,96.72,非都市：鄉村區 ; 非都市編定：乙種建築用地,1,1,全筆移轉,01600000
RPTNMLSJPHKGFBU77DA,新豐段,2108.63,非都市：風景區 ; 非都市編定：農牧用地,1,1,全筆移轉,03460000
RPQOMLLKPHKGFAU86DA,裕民段,28.38,都市：住,100000,2870,持分移轉,04390000
RPQNMLPKPHKGFAU17DA,福興段,84.00,都市：住,1,1,全筆移轉,08840008
RPPNMLSJPHKGFCU47DA,玉城段,34.49,都市：其他:住宅區,100000,7965,持分移轉,11680000
RPTNMLKKPHKGFCU17DA,玉城段,143.00,,1,1,全筆移轉,12980017
RPTNMLKKPHKGFAU96DA,海濱段,2096.40,非都市：一般農業區 ; 非都市編定：農牧用地,1,1,全筆移轉,05090000
RPWNMLQKPHKGFAU87DA,仁和段,140.42,非都市：特定農業區 ; 非都市編定：甲種建築用地,1,1,全筆移轉,06700007
RPUNMLOKPHKGFAU47DA,富國段,4.67,都市：商,10000,28,持分移轉,03090000
RPQNMLRJPHKGFAU27DA,仁愛段,24.29,非都市：特定農業區 ; 非都市編定：甲種建築用地,10000,936,持分移轉,00280000
RPPNMLPKPHKGFCU27DA,玉里段,3080.00,非都市：特定農業區 ; 非都市編定：農牧用地,1,1,全筆移轉,31550000
RPQOMLOJPHKGFAU07DA,裕民段,6.55,都市：住,10000,93,持分移轉,03530000
RPSNMLRJPHKGFAU47DA,仁愛段,24.29,非都市：特定農業區 ; 非都市編定：甲種建築用地,10000,936,持分移轉,00280000
RPPOMLOJPHKGFAU96DA,光華段二小段,15.85,非都市：工業區 ; 非都市編定：丁種建築用地,1000,33,持分移轉,00660008
RPUNMLRJPHKGFAU67DA,自強段,40.06,都市：住,10000,569,持分移轉,07820000
RPRNMLRJPHKGFAU37DA,仁愛段,24.29,非都市：特定農業區 ; 非都市編定：甲種建築用地,10000,936,持分移轉,00280000
RPTNMLRJPHKGFAU57DA,廣安段,106.91,非都市：鄉村區 ; 非都市編定：乙種建築用地,1,1,全筆移轉,09570000
RPPNMLQKPHKGFAU17DA,慈安段,3.16,都市：住,10000,471,持分移轉,00020000
RPPNMLQKPHKGFAU17DA,慈安段,32.69,都市：住,10000,471,持分移轉,00030000
RPPNMLPKPHKGFBU17DA,阿托莫段,4870.00,非都市：山坡地保育區 ; 非都市編定：林業用地,1,1,全筆移轉,17690000
RPPOMLQKPHKGFAU27DA,宜寧段,83.00,都市：商,1,1,全筆移轉,08240000
RPVNMLKMOHKGFAU27DA,石壁段,40.60,非都市：鄉村區 ; 非都市編定：乙種建築用地,10000,1310,持分移轉,02460000
RPRNMLRKPHKGFAU47DA,富國段,3.17,都市：商,10000,19,持分移轉,03090000
RPPNMLPJPHKGFAU96DA,慈勝段,416.55,都市：農,1,1,全筆移轉,09470000
RPPNMLPJPHKGFAU96DA,慈勝段,621.34,都市：農,1,1,全筆移轉,09480000
RPQNMLNJPHKGFBU96DA,水車段,2397.03,非都市：特定農業區 ; 非都市編定：農牧用地,1,1,全筆移轉,13780000
RPPNMLSKPHKGFCU67EA,高寮南段,5670.92,非都市：森林區 ; 非都市編定：農牧用地,1,1,全筆移轉,10430000
RPTNMLRKPHKGFAU67DA,民勤段,13.41,都市：住,1000,35,持分移轉,00470000
RPWNMLRKPHKGFAU97DA,南埔段,84.00,非都市：鄉村區 ; 非都市編定：乙種建築用地,1,1,全筆移轉,22710043
RPPNMLQKPHKGFBU27DA,馬遠段,5007.00,非都市：山坡地保育區 ; 非都市編定：農牧用地,1,1,全筆移轉,13330471
RPPNMLLLPHKGFAU76DA,豐東段,260.64,非都市：一般農業區 ; 非都市編定：甲種建築用地,1,1,全筆移轉,03260001
RPRNMLPKPHKGFAU27DA,自強段,3.48,都市：住,10000,21,持分移轉,00140000
RPXOMLQKPHKGFAU08DA,自強段,86.00,都市：住,1,1,全筆移轉,04520002
RPQNMLKKPHKGFAU66DA,大坪段,3306.00,非都市：一般農業區 ; 非都市編定：農牧用地,1,1,全筆移轉,00550000
RPOOMLSKPHKGFAU37DA,石壁段,247.95,非都市：一般農業區 ; 非都市編定：甲種建築用地,1,1,全筆移轉,07950000
RPUNMLKKPHKGFCU27DA,玉城段,141.00,,1,1,全筆移轉,12980019
RPQOMLSKPHKGFAU57DA,樹林段,1052.97,非都市：一般農業區 ; 非都市編定：農牧用地,1,1,全筆移轉,07750000
RPSNMLLKPHKGFCU17DA,禹北段,9310.00,非都市：一般農業區 ; 非都市編定：農牧用地,1,1,全筆移轉,00620000
RPPNMLLKPHKGFCU86DA,禹東段一小段,4418.57,非都市：一般農業區 ; 非都市編定：農牧用地,1,1,全筆移轉,00380000
RPSNMLLKPHKGFCU17DA,禹東段,10741.00,非都市：一般農業區 ; 非都市編定：農牧用地,1,1,全筆移轉,01070000
RPPNMLLKPHKGFCU86DA,禹東段一小段,4813.00,非都市：一般農業區 ; 非都市編定：農牧用地,1,1,全筆移轉,00380001
RPSNMLLKPHKGFCU17DA,禹東段,11647.00,非都市：一般農業區 ; 非都市編定：農牧用地,1,1,全筆移轉,01090000
RPPNMLLKPHKGFCU86DA,禹東段一小段,9945.00,非都市：一般農業區 ; 非都市編定：農牧用地,1,1,全筆移轉,00390000
RPSNMLLKPHKGFCU17DA,三義段,4905.00,非都市：一般農業區 ; 非都市編定：農牧用地,1,1,全筆移轉,01700000
RPPNMLLKPHKGFCU86DA,禹東段一小段,9551.00,非都市：一般農業區 ; 非都市編定：農牧用地,1,1,全筆移轉,00410000
RPPNMLQKPHKGFCU37DA,玉城段,148.00,,1,1,全筆移轉,12980016
RPSNMLLKPHKGFCU17DA,三義段,4771.00,非都市：一般農業區 ; 非都市編定：農牧用地,1,1,全筆移轉,01710000
RPPNMLLKPHKGFCU86DA,禹東段,5000.00,非都市：一般農業區 ; 非都市編定：農牧用地,1,1,全筆移轉,00420000
RPSNMLLKPHKGFCU17DA,三義段,3934.00,非都市：一般農業區 ; 非都市編定：農牧用地,1,1,全筆移轉,02700000
RPPNMLLKPHKGFCU86DA,三義段,4189.00,非都市：一般農業區 ; 非都市編定：農牧用地,1,1,全筆移轉,02710000
RPSNMLLKPHKGFCU17DA,玉里段,2181.00,非都市：特定農業區 ; 非都市編定：農牧用地,1,1,全筆移轉,27090000
RPPNMLLKPHKGFCU86DA,三義段,3736.00,非都市：一般農業區 ; 非都市編定：農牧用地,1,1,全筆移轉,02720000
RPSNMLLKPHKGFCU17DA,玉里段,2336.00,非都市：特定農業區 ; 非都市編定：農牧用地,1,1,全筆移轉,27100000
RPPNMLLKPHKGFCU86DA,三義段,3455.00,非都市：一般農業區 ; 非都市編定：農牧用地,1,1,全筆移轉,02730000
RPPNMLLKPHKGFCU86DA,三義段,4621.00,非都市：一般農業區 ; 非都市編定：農牧用地,1,1,全筆移轉,03440000
RPQNMLLKPHKGFCU96DA,三義段,6585.00,非都市：一般農業區 ; 非都市編定：農牧用地,1,1,全筆移轉,00170000
RPQNMLLKPHKGFCU96DA,禹東段,5000.00,非都市：一般農業區 ; 非都市編定：農牧用地,1,1,全筆移轉,00410000
RPQNMLLKPHKGFCU96DA,三義段,4745.00,非都市：一般農業區 ; 非都市編定：農牧用地,1,1,全筆移轉,00560000
RPQNMLLKPHKGFCU96DA,三義段,5370.00,非都市：一般農業區 ; 非都市編定：農牧用地,1,1,全筆移轉,00570000
RPQNMLLKPHKGFCU96DA,三義段,4914.00,非都市：一般農業區 ; 非都市編定：農牧用地,1,1,全筆移轉,00580000
RPQNMLLKPHKGFCU96DA,三義段,4870.00,非都市：一般農業區 ; 非都市編定：農牧用地,1,1,全筆移轉,00590000
RPQNMLLKPHKGFCU96DA,禹東段,9996.00,非都市：一般農業區 ; 非都市編定：農牧用地,1,1,全筆移轉,01210000
RPQNMLLKPHKGFCU96DA,永安段,119.00,非都市：特定農業區 ; 非都市編定：農牧用地,1,1,全筆移轉,14620001
RPQNMLLKPHKGFCU96DA,永安段,3667.00,非都市：特定農業區 ; 非都市編定：農牧用地,1,1,全筆移轉,14640000
RPQNMLLKPHKGFCU96DA,永安段,70.00,非都市：特定農業區 ; 非都市編定：農牧用地,1,1,全筆移轉,14670001
RPQNMLLKPHKGFCU96DA,永安段,218.00,非都市：特定農業區 ; 非都市編定：農牧用地,1,1,全筆移轉,14710000
RPQNMLLKPHKGFCU96DA,永安段,42.00,非都市：特定農業區 ; 非都市編定：農牧用地,1,1,全筆移轉,14750003
RPQNMLLKPHKGFCU96DA,永安段,2096.00,非都市：特定農業區 ; 非都市編定：農牧用地,1,1,全筆移轉,14760000
RPQNMLLKPHKGFCU96DA,永安段,4772.00,非都市：特定農業區 ; 非都市編定：農牧用地,1,1,全筆移轉,18980000
RPQNMLLKPHKGFCU96DA,永安段,71.00,非都市：特定農業區 ; 非都市編定：農牧用地,1,1,全筆移轉,18990000
RPQNMLLKPHKGFCU96DA,永安段,74.00,非都市：特定農業區 ; 非都市編定：農牧用地,1,1,全筆移轉,19000000
RPRNMLQKPHKGFCU57DA,泥火山段,2658.95,非都市：山坡地保育區 ; 非都市編定：農牧用地,1,1,全筆移轉,12330000
RPPNMLSKPHKGFCU57DA,泰林段,8489.23,非都市：山坡地保育區 ; 非都市編定：農牧用地,1,1,全筆移轉,03780000
RPPNMLSKPHKGFCU57DA,泰林段,2552.48,非都市：山坡地保育區 ; 非都市編定：農牧用地,1,1,全筆移轉,03810000
RPXNMLRKPHKGFAU08DA,慶豐段,125.00,都市：住,1,1,全筆移轉,02050002
RPXNMLSKPHKGFAU18DA,永興段,196.00,非都市：特定農業區 ; 非都市編定：甲種建築用地,1,1,全筆移轉,01500001
RPSNMLQKPHKGFCU67DA,泥火山段,4125.58,非都市：山坡地保育區 ; 非都市編定：農牧用地,1,1,全筆移轉,12340000
RPPNMLOKPHKGFCU17DA,禹東段,4617.00,非都市：一般農業區 ; 非都市編定：農牧用地,1,1,全筆移轉,00410001
RPPNMLOKPHKGFCU17DA,禹東段,4817.00,非都市：一般農業區 ; 非都市編定：農牧用地,1,1,全筆移轉,00420001
RPPNMLOKPHKGFCU17DA,禹東段,9892.00,非都市：一般農業區 ; 非都市編定：農牧用地,1,1,全筆移轉,00440000
RPPNMLOKPHKGFCU17DA,禹東段,3874.00,非都市：一般農業區 ; 非都市編定：農牧用地,1,1,全筆移轉,01460001
RPPNMLOKPHKGFCU17DA,禹東段,10369.00,非都市：一般農業區 ; 非都市編定：農牧用地,1,1,全筆移轉,01480000
RPPNMLOKPHKGFCU17DA,民南段,9086.70,非都市：一般農業區 ; 非都市編定：農牧用地,1,1,全筆移轉,01490000
RPPNMLOKPHKGFCU17DA,民南段,1638.05,非都市：一般農業區 ; 非都市編定：農牧用地,1,1,全筆移轉,01500000
RPPNMLOKPHKGFCU17DA,民南段,1779.19,非都市：一般農業區 ; 非都市編定：農牧用地,1,1,全筆移轉,01510000
RPTNMLMLPHKGFAU27DA,嘉平段,69.00,都市：商,1,1,全筆移轉,08100001
RPTNMLMLPHKGFAU27DA,嘉平段,9.00,都市：其他:道路用地,1,1,全筆移轉,08110001
RPTNMLMLPHKGFAU27DA,嘉平段,14.00,都市：其他:道路用地,1,1,全筆移轉,08120000
RPTNMLMLPHKGFAU27DA,嘉平段,1.00,都市：商,1,1,全筆移轉,08140001
RPTNMLMLPHKGFAU27DA,嘉平段,1.00,都市：商,1,1,全筆移轉,08140002
RPVOMLLLPHKGFAU47DA,大漢段,78.27,非都市：鄉村區 ; 非都市編定：乙種建築用地,1,1,全筆移轉,07870000
RPROMLNLPHKGFAU27DA,石壁段,104.29,非都市：鄉村區 ; 非都市編定：乙種建築用地,1,1,全筆移轉,01230000
RPOOMLQKPHKGFAU17DA,裕民段,7.78,都市：商,100000,1128,持分移轉,04660000
RPRNMLMJPHKGFAU86DA,民勤段,29.34,都市：其他:住宅區,10000,370,持分移轉,00430002
RPXNMLOLPHKGFAU87DA,裕民段,5.62,都市：商,10000,125,持分移轉,01880000
RPQNMLNLPHKGFAU07DA,豐東段,1500.00,非都市：一般農業區 ; 非都市編定：農牧用地,1,1,全筆移轉,05330000
RPUOMLOLPHKGFAU67DA,自強段,3.08,都市：住,3000,12,持分移轉,05740091
RPVNMLOLPHKGFAU67DA,光華段二小段,139.86,非都市：工業區 ; 非都市編定：丁種建築用地,1,1,全筆移轉,00730016
RPPNMLNLPHKGFAU96DA,仁禮段,20.01,都市：住,10000,265,持分移轉,08500000
RPQNMLPLPHKGFAU27DA,民勤段,91.00,都市：其他:住宅區,1,1,全筆移轉,14880040
RPQNMLPLPHKGFAU27DA,民勤段,8.71,都市：其他:機關用地,28,2,持分移轉,14880053
RPRNMLPLPHKGFAU37DA,仁禮段,9.18,都市：住,10000,137,持分移轉,10700000
RPOOMLOLPHKGFAU07DA,格督尚段,1037.10,非都市：一般農業區 ; 非都市編定：農牧用地,1,1,全筆移轉,01700000
RPPNMLSLPHKGFAU47DA,主權段,74.00,都市：住,1,1,全筆移轉,12290004
RPUNMLSLPHKGFAU97DA,道拉斯段,2530.88,非都市：山坡地保育區 ; 非都市編定：農牧用地,1,1,全筆移轉,03650000
RPRNMLKMPHKGFAU96DA,慈濟段,257.05,都市：農,1,1,全筆移轉,00150001
RPRNMLSLPHKGFAU67DA,裕民段,152.00,都市：住,1,1,全筆移轉,06310004
RPXNMLQLOHKGFAU97DA,福興段,16.10,都市：住,100000,6217,持分移轉,04930010
RPXNMLQLOHKGFAU97DA,福興段,10.76,都市：住,100000,6217,持分移轉,04930012
RPUNMLKMPHKGFAU27DA,碧雲段,136.76,都市：其他:住宅區,10000,200,持分移轉,00670000
RPSNMLTLPHKGFAU87DA,民意段,42.80,都市：住,100000,1242,持分移轉,03640000
RPOOMLPLPHKGFAU17DA,南埔段,95.00,非都市：特定農業區 ; 非都市編定：甲種建築用地,1,1,全筆移轉,32180032
RPXNMLPLPHKGFAU97DA,豐裡段,65.02,非都市：一般農業區 ; 非都市編定：甲種建築用地,2,1,持分移轉,15710000
RPRNMLPJPHKGFAU17DA,國民段,1623.97,都市：其他:農業區,1,1,全筆移轉,01210004
RPWNMLOJQHKGFAU67DA,慶豐段,96.00,都市：住,1,1,全筆移轉,19370000
RPRNMLPLPHKGFCU57DA,玉城段,200.00,都市：其他:住宅區,1,1,全筆移轉,12980000
RPQNMLPJPHKGFAU07DA,國民段,2999.00,都市：其他:農業區,1,1,全筆移轉,01210000
RPQNMLPJPHKGFAU07DA,國民段,.53,都市：其他:道路用地,1,1,全筆移轉,01210001
RPQNMLPJPHKGFAU07DA,國民段,36.04,都市：其他:道路用地,1,1,全筆移轉,01220001
RPQNMLPJPHKGFAU07DA,國民段,23.22,都市：其他:道路用地,1,1,全筆移轉,01230001
RPQNMLPJPHKGFAU07DA,國民段,10.40,都市：其他:農業區,1,1,全筆移轉,01240000
RPXNMLKMPHKGFAU57DA,莊敬段,16.53,都市：住,20000,1220,持分移轉,04890006
RPSNMLLJQHKGFCU17DA,玉昌段,127.97,都市：其他:住宅區,30,1,持分移轉,03810000
RPSNMLLJQHKGFCU17DA,玉昌段,1.07,都市：其他:綠地,30,1,持分移轉,03810003
RPSNMLLJQHKGFAU96DA,慈安段,209.00,都市：商,1,1,全筆移轉,03570000
RPQOMLKMPHKGFAU96DA,仁廉段,126.00,都市：住,1,1,全筆移轉,05450000
RPTNMLPJQHKGFAU47DA,仁恥段,119.00,都市：其他:農業區,1,1,全筆移轉,00230004
RPTNMLPJQHKGFAU47DA,仁恥段,31.50,都市：其他:農業區,6,1,持分移轉,00230006
RPQNMLLJQHKGFAU76DA,宜昌段,65.00,都市：住,1,1,全筆移轉,11310000
RPTNMLPJQHKGFAU47DA,仁恥段,22.33,都市：其他:農業區,6,1,持分移轉,00250006
RPQNMLLJQHKGFAU76DA,宜昌段,5.00,都市：住,1,1,全筆移轉,11580000
RPPNMLLKQHKGFAU76DA,光榮段,90.80,非都市：鄉村區 ; 非都市編定：乙種建築用地,1,1,全筆移轉,06520003
RPSNMLPKQHKGFAU47DA,福吉段,106.57,非都市：特定農業區 ; 非都市編定：甲種建築用地,1,1,全筆移轉,01450002
RPPNMLQJQHKGFBU27DA,南平段,3140.51,非都市：一般農業區 ; 非都市編定：農牧用地,1,1,全筆移轉,01510000
RPWNMLSJQHKGFAU08DA,慈惠段,98.36,都市：住,2,1,持分移轉,12950001
RPTNMLQJQHKGFAU57DA,富國段,210.00,都市：住,2,1,持分移轉,03080000
RPUNMLLJPHKGFAU07DA,福吉段,882.93,非都市：特定農業區 ; 非都市編定：農牧用地,1,1,全筆移轉,02620000
RPUNMLLJPHKGFAU07DA,福吉段,133.92,非都市：特定農業區 ; 非都市編定：農牧用地,1,1,全筆移轉,02630000
RPTNMLSKQHKGFAU87DA,光明段,673.00,非都市：一般農業區 ; 非都市編定：農牧用地,1,1,全筆移轉,09330000
RPPNMLPJQHKGFAU07DA,天佑段,79.21,非都市：鄉村區 ; 非都市編定：乙種建築用地,1,1,全筆移轉,02450000
RPWNMLSKQHKGFAU18DA,大漢段,83.51,非都市：鄉村區 ; 非都市編定：乙種建築用地,1,1,全筆移轉,06320000
RPSNMLOKQHKGFAU37DA,自強段,45.37,都市：住,100000,300,持分移轉,01940000
RPXNMLSJPHKGFAU08DA,嘉南段,31.48,都市：農,100000,7641,持分移轉,07050000
RPXNMLSJPHKGFAU08DA,嘉南段,2.29,都市：農,34,1,持分移轉,07060000
RPXNMLSJPHKGFAU08DA,嘉南段,9.62,都市：農,34,1,持分移轉,07060002
RPXNMLSJPHKGFAU08DA,嘉南段,19.00,都市：農,1,1,全筆移轉,07060020
RPXNMLSJPHKGFAU08DA,嘉南段,15.00,都市：農,1,1,全筆移轉,07060026
RPXNMLSJPHKGFAU08DA,嘉南段,21.88,都市：農,16,1,持分移轉,07060039
RPXNMLPKQHKGFAU97DA,東明段,810.00,非都市：風景區 ; 非都市編定：農牧用地,1,1,全筆移轉,02290000
RPSNMLSKQHKGFAU77DA,富國段,17.68,都市：商,10000,443,持分移轉,00360000
RPQNMLTKQHKGFCU87DA,中平段,205.87,都市：其他:農業區,1,1,全筆移轉,07630000
RPQNMLTKQHKGFCU87DA,中平段,1638.57,非都市：河川區 ; 非都市編定：水利用地,1,1,全筆移轉,07660000
RPRPMLLLPHKGFAU17DA,嘉南段,118.49,都市：住,1,1,全筆移轉,06480003
RPPNMLTKQHKGFCU77DA,玉城段,148.00,,1,1,全筆移轉,12980014
RPQNMLMKQHKGFCU17DA,玉璞段,64.00,都市：其他:住宅區,1,1,全筆移轉,17820008
RPPNMLMLQHKGFAU96DA,林森段,115.00,都市：住,1,1,全筆移轉,24780000
RPPNMLRKPHKGFAU27DA,北濱段,16.00,都市：商,1,1,全筆移轉,07500000
RPPNMLRKPHKGFAU27DA,北濱段,98.00,都市：商,1,1,全筆移轉,07510000
RPQNMLKLQHKGFCU07DA,玉城段,67.00,都市：其他:住宅區,1,1,全筆移轉,09080003
RPQNMLKLQHKGFCU07DA,玉城段,53.00,都市：其他:住宅區,1,1,全筆移轉,09080004
RPUNMLLLQHKGFAU37DA,太昌段,98.00,都市：住,1,1,全筆移轉,08180000
RPVNMLLLQHKGFAU47DA,南埔段,728.00,非都市：特定農業區 ; 非都市編定：農牧用地,1,1,全筆移轉,30300000
RPSNMLMLQHKGFAU27DA,德安段,32.95,都市：住,10000,828,持分移轉,10130000
RPTNMLLJPHKGFAU96DA,海濱段,1742.13,非都市：一般農業區 ; 非都市編定：農牧用地,1,1,全筆移轉,01720000
RPTNMLLJPHKGFAU96DA,海濱段,2280.24,非都市：一般農業區 ; 非都市編定：農牧用地,1,1,全筆移轉,01730000
RPUNMLPJQHKGFAU57DA,民勤段,108.00,都市：農,1,1,全筆移轉,15390013
RPUNMLMLQHKGFAU47DA,林森段,41.00,都市：商,2340,410,持分移轉,11290000
RPPNMLLLQHKGFBU96DA,石門段,569.38,都市：其他:農業區,1,1,全筆移轉,07460000
RPUNMLMLQHKGFAU47DA,林森段,80.00,都市：商,100000,36530,持分移轉,11300000
RPPNMLPLQHKGFAU27DA,主權段,32.38,都市：住,10000,368,持分移轉,11660000
RPTNMLQLQHKGFAU77DA,路內段,99.89,都市：農,1,1,全筆移轉,12000000
RPXNMLRLQHKGFAU28DA,豐南段,5118.46,非都市：一般農業區 ; 非都市編定：農牧用地,1,1,全筆移轉,13230000
SPXNMLRLQHKGFAU38DA,豐南段,189.99,非都市：一般農業區 ; 非都市編定：農牧用地,1,1,全筆移轉,13230002
RPQNMLOKPHKGFAU07DA,國強段,596.38,非都市：特定農業區 ; 非都市編定：甲種建築用地,1,1,全筆移轉,01600000
RPPNMLKMQHKGFAU86DA,裕民段,22.62,都市：住,100000,2287,持分移轉,04390000
RPRNMLOJRHKGFAU27DA,精鐘段,19989.59,非都市：山坡地保育區 ; 非都市編定：農牧用地,1,1,全筆移轉,04980000
RPWNMLMJRHKGFAU57DA,仁愛段,927.86,非都市：一般農業區 ; 非都市編定：農牧用地,1,1,全筆移轉,07170000
RPWNMLMJRHKGFAU57DA,仁愛段,226.77,非都市：一般農業區 ; 非都市編定：農牧用地,1,1,全筆移轉,07180000
RPQNMLSJRHKGFAU57DA,仁恥段,93.00,都市：其他:道路用地,1,1,全筆移轉,05550002
RPSNMLMJRHKGFCU37DA,清水段,6029.00,非都市：山坡地保育區 ; 非都市編定：農牧用地,1,1,全筆移轉,01420007
RPSNMLMJRHKGFCU37DA,清水段,4909.00,非都市：山坡地保育區 ; 非都市編定：農牧用地,1,1,全筆移轉,01420014
RPSNMLMJRHKGFCU37DA,清水段,4648.00,非都市：山坡地保育區 ; 非都市編定：農牧用地,1,1,全筆移轉,01420015
RPQNMLKKOHKGFAU56DA,宜昌段,33.25,都市：商,48,2,持分移轉,10130000
RPPNMLPJOHKGFBU07EA,達莫段,1779.87,非都市：特定農業區 ; 非都市編定：農牧用地,1,1,全筆移轉,03600000
RPPNMLPJOHKGFBU07EA,達莫段,776.27,非都市：特定農業區 ; 非都市編定：農牧用地,1,1,全筆移轉,03640000
RPRNMLKKOHKGFAU66DA,仁義段,119.97,都市：商,43000,11997,持分移轉,10510008
RPPNMLPJOHKGFBU96DA,大安段,12.00,都市：其他:住宅區,1,1,全筆移轉,03290000
RPPNMLKKOHKGFCU76EA,玉璞段,162.00,都市：其他:商業區,1,1,全筆移轉,05190000
RPSNMLKKOHKGFAU76DA,民意段,33.45,都市：住,10000,745,持分移轉,05770001
RPPNMLKKOHKGFCU76EA,玉璞段,16.00,都市：其他:商業區,1,1,全筆移轉,05200000
RPPNMLQJOHKGFBU07DA,大安段,67.00,都市：其他:住宅區,100,67,持分移轉,13350000
RPPNMLKKOHKGFCU66DA,玉璞段,57.00,都市：其他:住宅區,1,1,全筆移轉,30570000
RPPNMLKKOHKGFCU66DA,玉璞段,39.00,都市：其他:住宅區,1,1,全筆移轉,30580000
RPSNMLLJRHKGFAU07DA,南埔段,119.00,非都市：鄉村區 ; 非都市編定：乙種建築用地,1,1,全筆移轉,22010021
RPPNMLQKOHKGFAU07DA,民勤段,253.00,都市：農,1,1,全筆移轉,16520000
RPSNMLMKOHKGFAU96DA,國風段,110.00,都市：住,1,1,全筆移轉,17210000
RPPNMLNKOHKGFCU96DA,舊田段,984.46,非都市：特定農業區 ; 非都市編定：農牧用地,1,1,全筆移轉,02100000
RPPNMLLLNHKGFAU56DA,福祥段,13.20,都市：其他:住宅區,28710,132,持分移轉,09970000
RPRNMLQKPHKGFAU37DA,碧雲段,82.00,都市：其他:住宅區,1,1,全筆移轉,04460000
RPQNMLLKOHKGFCU86DA,學園段,1650.34,非都市：山坡地保育區 ; 非都市編定：農牧用地,1,1,全筆移轉,01590000
RPXNMLQKOHKGFAU87DA,太昌段,111.00,都市：住,1,1,全筆移轉,13680010
RPRNMLLKOHKGFCU96DA,永良段,206.45,非都市：鄉村區 ; 非都市編定：乙種建築用地,1,1,全筆移轉,03740000
RPTNMLLKOHKGFCU17DA,永良段,54.66,非都市：鄉村區 ; 非都市編定：乙種建築用地,1,1,全筆移轉,03960003
RPTNMLLKOHKGFCU17DA,永良段,212.65,非都市：鄉村區 ; 非都市編定：乙種建築用地,1,1,全筆移轉,04040000
RPVNMLQKOHKGFAU67DA,德安段,19.26,都市：住,10000,59,持分移轉,20210000
RPSOMLQKOHKGFAU47DA,下崇德段,215.35,都市：住,1,1,全筆移轉,10190000
RPUNMLLKOHKGFCU27DA,永良段,116.68,非都市：鄉村區 ; 非都市編定：乙種建築用地,1,1,全筆移轉,04120000
RPVNMLLKOHKGFCU37DA,永良段,192.52,非都市：鄉村區 ; 非都市編定：乙種建築用地,1,1,全筆移轉,04160000
RPSNMLLKOHKGFCU07DA,永良段,270.51,非都市：鄉村區 ; 非都市編定：乙種建築用地,1,1,全筆移轉,03980000
RPXNMLLKOHKGFCU57DA,永良段,119.53,非都市：鄉村區 ; 非都市編定：乙種建築用地,1,1,全筆移轉,03830001
RPWNMLLKOHKGFCU47DA,永良段,237.39,非都市：鄉村區 ; 非都市編定：乙種建築用地,1,1,全筆移轉,03830000
RPUOMLQKOHKGFAU67DA,福興段,93.00,都市：住,1,1,全筆移轉,04580012
RPUOMLPKNHKGFAU47DA,德安段,2.00,都市：其他:道路用地,1,1,全筆移轉,08470000
RPUOMLPKNHKGFAU47DA,德安段,66.00,都市：住,1,1,全筆移轉,08480000
RPWOMLPKNHKGFAU67DA,干城段,101.52,非都市：鄉村區 ; 非都市編定：乙種建築用地,1,1,全筆移轉,05000000
RPVOMLQKOHKGFAU77DA,樹林段,729.05,非都市：一般農業區 ; 非都市編定：農牧用地,1,1,全筆移轉,07360004
RPOOMLLKOHKGFCU76DA,永良段,293.22,非都市：鄉村區 ; 非都市編定：乙種建築用地,1,1,全筆移轉,03830002
RPQNMLRJOHKGFCU37DA,玉璞段,.80,都市：其他:商業區,5,1,持分移轉,06760000
RPOOMLLKOHKGFCU76DA,永良段,67.55,非都市：鄉村區 ; 非都市編定：乙種建築用地,1,1,全筆移轉,03830003
RPQNMLRJOHKGFCU37DA,玉璞段,25.60,都市：其他:商業區,5,1,持分移轉,06770000
RPQNMLRJOHKGFCU37DA,玉璞段,24.60,都市：其他:商業區,5,1,持分移轉,06780000
RPSOMLLKOHKGFCU17DA,永良段,140.30,非都市：鄉村區 ; 非都市編定：乙種建築用地,1,1,全筆移轉,03960004
RPQNMLRJOHKGFCU37DA,玉璞段,.80,都市：其他:商業區,5,1,持分移轉,06790000
RPTOMLLKOHKGFCU27DA,永良段,315.99,非都市：鄉村區 ; 非都市編定：乙種建築用地,1,1,全筆移轉,03960005
RPROMLLKOHKGFCU07DA,永良段,216.93,非都市：鄉村區 ; 非都市編定：乙種建築用地,1,1,全筆移轉,03960002
RPUOMLLKOHKGFCU37DA,永良段,239.04,非都市：鄉村區 ; 非都市編定：乙種建築用地,1,1,全筆移轉,03960006
RPPOMLLKOHKGFCU86DA,永良段,181.48,非都市：鄉村區 ; 非都市編定：乙種建築用地,1,1,全筆移轉,03960000
RPPNMLRKOHKGFAU17DA,宜安段,15.83,都市：住,10000,78,持分移轉,05940000
RPQOMLLKOHKGFCU96DA,永良段,78.20,非都市：鄉村區 ; 非都市編定：乙種建築用地,1,1,全筆移轉,03960001
RPQOMLLKOHKGFCU96DA,永良段,61.33,非都市：鄉村區 ; 非都市編定：乙種建築用地,1,1,全筆移轉,04080001
RPOPMLLKOHKGFCU86DA,永良段,185.30,非都市：鄉村區 ; 非都市編定：乙種建築用地,1,1,全筆移轉,03960010
RPVOMLLKOHKGFCU47DA,永良段,160.88,非都市：鄉村區 ; 非都市編定：乙種建築用地,1,1,全筆移轉,03960007
RPPPMLLKOHKGFCU96DA,永良段,262.27,非都市：鄉村區 ; 非都市編定：乙種建築用地,1,1,全筆移轉,04080000
RPXOMLLKOHKGFCU67DA,永良段,74.18,非都市：鄉村區 ; 非都市編定：乙種建築用地,1,1,全筆移轉,03960009
RPWOMLLKOHKGFCU57DA,永良段,132.13,非都市：鄉村區 ; 非都市編定：乙種建築用地,1,1,全筆移轉,03960008
RPQPMLLKOHKGFCU07DA,永良段,114.42,非都市：鄉村區 ; 非都市編定：乙種建築用地,1,1,全筆移轉,03960012
RPWNMLMKOHKGFCU57DA,永良段,141.73,非都市：鄉村區 ; 非都市編定：乙種建築用地,1,1,全筆移轉,04240001
RPTNMLMKOHKGFCU27DA,永良段,365.24,非都市：鄉村區 ; 非都市編定：乙種建築用地,1,1,全筆移轉,04080004
RPXNMLMKOHKGFCU67DA,永良段,101.11,非都市：鄉村區 ; 非都市編定：乙種建築用地,1,1,全筆移轉,04240002
RPPOMLMKOHKGFCU96DA,永良段,276.07,非都市：鄉村區 ; 非都市編定：乙種建築用地,1,1,全筆移轉,04240004
RPRNMLNKOHKGFCU17DA,屋拉力段,350.88,非都市：鄉村區 ; 非都市編定：乙種建築用地,1,1,全筆移轉,17240000
RPPNMLRKOHKGFBU27DA,鳳榮段,243.83,非都市：一般農業區 ; 非都市編定：農牧用地,1,1,全筆移轉,04140000
RPPNMLRKOHKGFBU27DA,鳳榮段,546.54,非都市：一般農業區 ; 非都市編定：農牧用地,1,1,全筆移轉,04150000
RPPNMLQKOHKGFBU17DA,鳳光段,100.00,都市：其他:住宅區,1,1,全筆移轉,02990010
RPPNMLQKOHKGFBU17DA,鳳光段,1.24,都市：其他:住宅區,17,1,持分移轉,03000003
RPWNMLTKOHKGFAU08DA,廣賢段,53.47,非都市：鄉村區 ; 非都市編定：乙種建築用地,10000,181,持分移轉,01720000
RPRNMLMKOHKGFCU07DA,永良段,111.34,非都市：鄉村區 ; 非都市編定：乙種建築用地,1,1,全筆移轉,04080002
RPQNMLMKOHKGFCU96DA,永良段,357.73,非都市：鄉村區 ; 非都市編定：乙種建築用地,1,1,全筆移轉,03960014
RPUNMLMKOHKGFCU37DA,永良段,208.15,非都市：鄉村區 ; 非都市編定：乙種建築用地,1,1,全筆移轉,04080005
RPVNMLMKOHKGFCU47DA,永良段,641.14,非都市：鄉村區 ; 非都市編定：乙種建築用地,1,1,全筆移轉,04240000
RPPNMLOJOHKGFBU86DA,北林段,87.74,非都市：鄉村區 ; 非都市編定：乙種建築用地,1,1,全筆移轉,08620014
RPPNMLMKOHKGFCU86DA,永良段,373.21,非都市：鄉村區 ; 非都市編定：乙種建築用地,1,1,全筆移轉,03960013
RPSNMLMKOHKGFCU17DA,永良段,235.63,非都市：鄉村區 ; 非都市編定：乙種建築用地,1,1,全筆移轉,04080003
RPOOMLMKOHKGFCU86DA,永良段,145.24,非都市：鄉村區 ; 非都市編定：乙種建築用地,1,1,全筆移轉,04240003
RPQOMLMKOHKGFCU07DA,永良段,771.32,非都市：鄉村區 ; 非都市編定：乙種建築用地,1,1,全筆移轉,04240005
RPROMLMKOHKGFCU17DA,永良段,114.84,非都市：鄉村區 ; 非都市編定：乙種建築用地,1,1,全筆移轉,03960011
RPSNMLSKOHKGFAU57DA,德布克段,196.23,都市：住,1,1,全筆移轉,06490000
RPTNMLQKOHKGFAU47DA,吉興段,118.69,都市：住,1,1,全筆移轉,01170003
RPQNMLSKOHKGFCU57DA,中興段,73.19,都市：其他:住宅區,1,1,全筆移轉,11000001
RPQNMLSKOHKGFCU57DA,中興段,8.78,都市：其他:住宅區,1,1,全筆移轉,11040007
RPVNMLTKOHKGFAU97DA,國股段,105.32,都市：其他:住宅區,2,1,持分移轉,06260000
RPQNMLRKOHKGFAU27DA,民意段民意小段,73.23,都市：住,1,1,全筆移轉,00020003
RPRNMLOLOHKGFAU17DA,豐南段,2571.19,非都市：一般農業區 ; 非都市編定：農牧用地,1,1,全筆移轉,02150007
RPUNMLTKOHKGFAU87DA,富國段,4.52,都市：住,10000,56,持分移轉,04810000
RPPNMLOLOHKGFAU96DA,草林段,826.12,都市：農,1,1,全筆移轉,03940001
RPPNMLOLOHKGFAU96DA,草林段,1387.59,都市：農,1,1,全筆移轉,03950001
RPRNMLTKNHKGFCU67DA,玉昌段,4.00,都市：其他:商業區,1,1,全筆移轉,16960000
RPRNMLTKNHKGFCU67DA,玉昌段,172.00,都市：其他:商業區,1,1,全筆移轉,16970000
RPUNMLOLOHKGFAU47DA,興田段,1865.97,都市：農,1,1,全筆移轉,04720000
RPRNMLTKNHKGFCU67DA,玉昌段,3.00,都市：其他:道路用地,1,1,全筆移轉,16970001
RPRNMLTKNHKGFCU67DA,玉昌段,47.00,都市：其他:商業區,1,1,全筆移轉,16980000
RPQNMLOLOHKGFAU07DA,豐南段,2571.19,非都市：一般農業區 ; 非都市編定：農牧用地,1,1,全筆移轉,02150001
RPXNMLNLOHKGFAU67DA,國風段,102.00,都市：住,1,1,全筆移轉,05520017
RPPNMLNLOHKGFAU86DA,太昌段,41.00,都市：住,1,1,全筆移轉,13680042
RPPNMLNLOHKGFAU86DA,太昌段,88.00,都市：住,1,1,全筆移轉,13700025
RPWNMLOLOHKGFAU67DA,溪口段,283.09,非都市：一般農業區 ; 非都市編定：甲種建築用地,1,1,全筆移轉,09030001
RPXNMLOLOHKGFAU77DA,溪口段,332.55,非都市：一般農業區 ; 非都市編定：甲種建築用地,1,1,全筆移轉,09030002
RPXNMLSKOHKGFAU08DA,富國段,8.66,都市：商,10000,149,持分移轉,02900000
RPUNMLPLOHKGFAU57DA,三農段,923.33,非都市：一般農業區 ; 非都市編定：養殖用地,2,1,持分移轉,04630000
RPUNMLPLOHKGFAU57DA,三農段,281.23,非都市：一般農業區 ; 非都市編定：養殖用地,2,1,持分移轉,04810000
RPQNMLPLOHKGFAU17DA,富國段,2.34,都市：商,10000,14,持分移轉,03090000
RPPNMLQLOHKGFCU47EA,東豐南段,2590.27,非都市：特定農業區 ; 非都市編定：農牧用地,1,1,全筆移轉,04300000
RPPNMLQLOHKGFCU47EA,東豐南段,2648.02,非都市：特定農業區 ; 非都市編定：農牧用地,1,1,全筆移轉,04310000
RPSOMLRLOHKGFAU67DA,忠孝段,278.13,都市：農,1,1,全筆移轉,13750000
RPPNMLQLOHKGFCU47EA,東豐南段,2162.07,非都市：特定農業區 ; 非都市編定：農牧用地,1,1,全筆移轉,04330000
RPPNMLMKOHKGFBU76DA,阿托莫段,3970.02,非都市：一般農業區 ; 非都市編定：農牧用地,1,1,全筆移轉,09320000
RPPNMLQLOHKGFCU47EA,東豐南段,35.22,非都市：特定農業區 ; 非都市編定：水利用地,1,1,全筆移轉,04610000
RPSOMLRLOHKGFAU67DA,忠孝段,531.61,都市：農,1,1,全筆移轉,13940000
RPPNMLQLOHKGFCU47EA,東豐南段,430.12,非都市：特定農業區 ; 非都市編定：農牧用地,1,1,全筆移轉,05920000
RPPNMLQLOHKGFCU47EA,東豐南段,482.15,非都市：特定農業區 ; 非都市編定：農牧用地,1,1,全筆移轉,05930000
RPPNMLMKOHKGFBU76DA,阿托莫段,34.09,非都市：一般農業區 ; 非都市編定：農牧用地,1,1,全筆移轉,10060000
RPSNMLPLOHKGFBU47DA,南平段,5274.92,非都市：一般農業區 ; 非都市編定：農牧用地,1,1,全筆移轉,01990000
RPSNMLPLOHKGFBU47DA,南平段,388.45,非都市：一般農業區 ; 非都市編定：農牧用地,1,1,全筆移轉,02000000
RPSNMLPLOHKGFBU47DA,南平段,11.73,非都市：一般農業區 ; 非都市編定：農牧用地,1,1,全筆移轉,02010000
RPSNMLPLOHKGFBU47DA,南平段,289.89,非都市：一般農業區 ; 非都市編定：農牧用地,1,1,全筆移轉,02020000
RPSNMLPLOHKGFBU47DA,南平段,3991.85,非都市：一般農業區 ; 非都市編定：農牧用地,1,1,全筆移轉,02110000
RPSNMLPLOHKGFBU47DA,南平段,953.78,非都市：一般農業區 ; 非都市編定：農牧用地,1,1,全筆移轉,02140000
RPPNMLPLOHKGFAU07DA,烏杙段,355.37,都市：農,4,1,持分移轉,03430000
RPPNMLPLOHKGFAU07DA,烏杙段,54.89,都市：其他:保護區,4,1,持分移轉,03430001
RPRNMLQLOHKGFAU37DA,永安段,45.35,非都市：鄉村區 ; 非都市編定：乙種建築用地,1,1,全筆移轉,11980000
RPPNMLPLOHKGFAU07DA,烏杙段,330.58,都市：農,4,1,持分移轉,03430002
RPPNMLPLOHKGFAU07DA,烏杙段,256.56,都市：農,4,1,持分移轉,03430003
RPVNMLRLOHKGFAU87DA,仁義段,33.83,都市：住,100000,12438,持分移轉,04840000
RPSNMLQLOHKGFAU47DA,福興段,90.00,都市：農,1,1,全筆移轉,11600000
RPSNMLQLOHKGFAU47DA,福興段,26.00,都市：其他:道路用地,1,1,全筆移轉,11600001
RPPNMLOLOHKGFBU07DA,榮開段,4437.00,非都市：一般農業區 ; 非都市編定：農牧用地,1,1,全筆移轉,03750000
RPPNMLOLOHKGFBU07DA,榮開段,4555.00,非都市：一般農業區 ; 非都市編定：農牧用地,1,1,全筆移轉,03760000
RPPNMLTLNHKGFBU47DA,南平段,1751.86,非都市：一般農業區 ; 非都市編定：農牧用地,1,1,全筆移轉,06150000
RPQNMLKMOHKGFAU76DA,宜昌段,28.87,都市：住,100000,1860,持分移轉,02750000
RPTOMLRLOHKGFAU77DA,嘉南段,37.78,都市：住,10000,275,持分移轉,04970000
RPQNMLKMOHKGFAU76DA,宜昌段,.06,都市：住,100000,1860,持分移轉,02760000
RPQNMLKMOHKGFAU76DA,宜昌段,2.46,都市：住,100000,1860,持分移轉,02820001
RPROMLRLOHKGFAU57DA,主權段,17.45,都市：住,231,13,持分移轉,00910000
RPRNMLPLOHKGFBU37DA,中心埔段,3141.22,非都市：特定專用區 ; 非都市編定：農牧用地,1,1,全筆移轉,03120046
RPWNMLNKNHKGFAU37DA,福安段,89.00,都市：其他:住宅區,1,1,全筆移轉,15270000
RPPNMLLJPHKGFAU56DA,康樂段,566.19,非都市：鄉村區 ; 非都市編定：乙種建築用地,1,1,全筆移轉,01380000
RPUNMLKLOHKGFAU07DA,仁恥段,85.00,都市：住,1,1,全筆移轉,03550000
RPSOMLTKOHKGFAU77DA,海濱段,2518.17,非都市：一般農業區 ; 非都市編定：農牧用地,1,1,全筆移轉,04460000
SPPNMLRLOHKGFCU57DA,樂合段,13330.00,非都市：森林區 ; 非都市編定：農牧用地,1,1,全筆移轉,22740000
RPPNMLRLOHKGFCU47DA,六十石山段,2681.99,非都市：山坡地保育區 ; 非都市編定：農牧用地,1,1,全筆移轉,10060000
RPOOMLKMOHKGFAU66DA,民享段,14.65,都市：其他:商業區,10000,263,持分移轉,05120000
RPPNMLMJPHKGFCU96EA,玉城段,92.00,都市：其他:住宅區,1,1,全筆移轉,01710004
RPPNMLSJNHKGFAU07DA,仁和段,299.64,都市：農,1,1,全筆移轉,01070000
TPPNMLRLOHKGFCU67DA,樂合段,9930.00,非都市：森林區 ; 非都市編定：暫未編定,1,1,全筆移轉,22800000
RPPNMLSJNHKGFAU07DA,仁和段,270.61,都市：農,1,1,全筆移轉,01080000
RPPNMLKMOHKGFBU86EA,新白陽段,990.02,非都市：一般農業區 ; 非都市編定：農牧用地,1,1,全筆移轉,03590000
RPPNMLMJPHKGFAU66DA,嘉南段,175.00,都市：住,1,1,全筆移轉,00500003
RPPNMLNJPHKGFAU76DA,民意段,79.00,都市：住,1,1,全筆移轉,03180000
RPRNMLOJPHKGFAU07DA,忠孝段,545.22,都市：農,1,1,全筆移轉,06060001
RPQNMLMJPHKGFAU76DA,德安段,27.61,都市：住,1000,52,持分移轉,17490000
RPSNMLOJPHKGFAU17DA,莊敬段,15.62,都市：住,10000,454,持分移轉,01230000
RPTNMLSKOHKGFAU67DA,嘉南段,34.88,都市：農,100000,8467,持分移轉,07050000
RPTNMLSKOHKGFAU67DA,嘉南段,2.29,都市：農,34,1,持分移轉,07060000
RPTNMLSKOHKGFAU67DA,嘉南段,9.62,都市：農,34,1,持分移轉,07060002
RPTNMLSKOHKGFAU67DA,嘉南段,15.00,都市：農,1,1,全筆移轉,07060030
RPTNMLSKOHKGFAU67DA,嘉南段,21.88,都市：農,16,1,持分移轉,07060039
RPXNMLOJPHKGFAU67DA,溪口段,173.00,非都市：鄉村區 ; 非都市編定：乙種建築用地,1,1,全筆移轉,11870000
RPTNMLNLOHKGFAU27DA,永興段,180.27,非都市：鄉村區 ; 非都市編定：乙種建築用地,1,1,全筆移轉,10070000
RPRNMLRLOHKGFAU47DA,米棧段,2408.13,非都市：山坡地保育區 ; 非都市編定：農牧用地,1,1,全筆移轉,02410000
RPOOMLOJPHKGFAU86DA,國風段,117.00,都市：商,1,1,全筆移轉,11080000
RPXNMLRLOHKGFAU08DA,仁禮段,73.00,都市：住,1,1,全筆移轉,03510000
RPWNMLSLNHKGFAU97DA,永安段,911.25,非都市：一般農業區 ; 非都市編定：農牧用地,1,1,全筆移轉,09460002
RPRNMLTJPHKGFAU57DA,壽農段,1740.01,非都市：特定農業區 ; 非都市編定：農牧用地,1,1,全筆移轉,07250000
RPRNMLTJPHKGFAU57DA,壽農段,1740.02,非都市：特定農業區 ; 非都市編定：農牧用地,1,1,全筆移轉,07260000
RPRNMLTJPHKGFAU57DA,壽農段,1653.02,非都市：特定農業區 ; 非都市編定：農牧用地,1,1,全筆移轉,07270000
RPQNMLTLNHKGFBU57DA,東興段,62.98,非都市：風景區 ; 非都市編定：農牧用地,1,1,全筆移轉,02590000
RPQNMLTLNHKGFBU57DA,東興段,1401.34,非都市：風景區 ; 非都市編定：農牧用地,1,1,全筆移轉,02620000
RPQNMLTLNHKGFBU57DA,東興段,1865.47,非都市：風景區 ; 非都市編定：農牧用地,1,1,全筆移轉,02630000
RPOOMLLKPHKGFAU66DA,豐裡段,2656.43,非都市：一般農業區 ; 非都市編定：農牧用地,1,1,全筆移轉,02660004
RPRNMLMKOHKGFAU86DA,嘉南段,109.00,都市：住,1,1,全筆移轉,06000000
RPUNMLKKPHKGFAU07DA,主權段,81.00,都市：住,1,1,全筆移轉,09080005
RPPNMLTLNHKGFCU57DA,大里段,2910.00,非都市：山坡地保育區 ; 非都市編定：暫未編定,1,1,全筆移轉,11860000
RPPNMLTLNHKGFCU57DA,大里段,3530.00,非都市：山坡地保育區 ; 非都市編定：農牧用地,1,1,全筆移轉,11900000
RPWNMLRJPHKGFAU87DA,豐裡段,66.92,非都市：一般農業區 ; 非都市編定：甲種建築用地,10,1,持分移轉,00780000
RPRNMLSJPHKGFAU47DA,福興段,693.00,都市：農,1,1,全筆移轉,02270001
RPQNMLTJPHKGFAU47DA,壽農段,1162.24,非都市：特定農業區 ; 非都市編定：農牧用地,1,1,全筆移轉,08990000
RPRNMLSJPHKGFAU47DA,福興段,693.00,都市：農,1,1,全筆移轉,02270007
RPQNMLOJPHKGFCU17DA,瑞北段,453.23,非都市：山坡地保育區 ; 非都市編定：農牧用地,6,1,持分移轉,05390000
RPPNMLQJPHKGFCU27DA,玉城段,33.57,都市：其他:住宅區,100000,7754,持分移轉,11680000
RPOOMLOKPHKGFAU96DA,南埔段,92.00,非都市：鄉村區 ; 非都市編定：乙種建築用地,1,1,全筆移轉,24360039
RPRNMLLKPHKGFAU86DA,福祥段,14.00,都市：其他:住宅區,1,1,全筆移轉,03200005
RPRNMLLKPHKGFAU86DA,福祥段,115.00,都市：其他:住宅區,1,1,全筆移轉,03210000
RPRNMLOJPHKGFCU27DA,玉城段,148.00,,1,1,全筆移轉,12980015
RPPNMLNJOHKGFBU76DA,新庄段,31.07,都市：其他:住宅區,6000,315,持分移轉,04100000
RPPNMLNJOHKGFBU76DA,新庄段,102.87,都市：其他:住宅區,1,1,全筆移轉,04170000
RPQNMLTJPHKGFCU67DA,高寮段,131.74,非都市：特定農業區 ; 非都市編定：農牧用地,1,1,全筆移轉,03250000
RPQNMLTJPHKGFCU67DA,高寮段,110.02,非都市：特定農業區 ; 非都市編定：農牧用地,1,1,全筆移轉,03260000
RPQNMLTJPHKGFCU67DA,舊田段,822.65,非都市：特定農業區 ; 非都市編定：農牧用地,1,1,全筆移轉,17440000
RPTNMLQKPHKGFAU57DA,民意段,16.46,都市：商,1000,98,持分移轉,04100000
RPXNMLQKPHKGFAU97DA,碧雲段,191.00,都市：其他:住宅區,1,1,全筆移轉,03050000
RPVNMLKKPHKGFCU37DA,玉城段,34.49,都市：其他:住宅區,100000,7965,持分移轉,11680000
RPSOMLQKPHKGFAU57DA,仁義段,98.00,都市：住,1,1,全筆移轉,01100000
RPXNMLNJOHKGFAU47DA,溪口段,351.00,非都市：一般農業區 ; 非都市編定：甲種建築用地,1,1,全筆移轉,05100000
RPPNMLKLPHKGFAU66DA,烏杙段,18.28,都市：其他:鐵路用地,1,1,全筆移轉,01840001
RPQNMLQKPHKGFCU47DA,玉城段,142.00,,1,1,全筆移轉,12980018
RPSNMLKLPHKGFAU96DA,烏杙段,1390.15,都市：其他:鐵路用地,1,1,全筆移轉,03530001
RPRNMLKLPHKGFAU86DA,烏杙段,.86,都市：其他:鐵路用地,1,1,全筆移轉,02410001
RPTNMLKLPHKGFAU07DA,路內段,261.81,都市：其他:鐵路用地,1,1,全筆移轉,00160001
RPUNMLKLPHKGFAU17DA,路內段,10.05,都市：其他:鐵路用地,1,1,全筆移轉,02630008
RPUNMLKLPHKGFAU17DA,路內段,9.26,都市：其他:鐵路用地,1,1,全筆移轉,02630009
RPQPMLLLPHKGFAU07DA,民享段,131.00,都市：其他:商業區,1,1,全筆移轉,01980000
RPQNMLKLPHKGFAU76DA,烏杙段,153.77,都市：其他:鐵路用地,1,1,全筆移轉,02130001
RPQNMLMLPHKGFAU96DA,大漢段,76.71,非都市：鄉村區 ; 非都市編定：乙種建築用地,1,1,全筆移轉,06940000
RPVNMLKLPHKGFAU27DA,路內段,15.62,都市：其他:鐵路用地,1,1,全筆移轉,04480003
RPWOMLLLPHKGFAU57DA,林森段,61.96,都市：住,10000,2356,持分移轉,08020012
RPRNMLMLPHKGFAU07DA,榮光段,566.00,都市：農,1,1,全筆移轉,02950000
RPPOMLLLPHKGFAU86DA,林森段,77.11,都市：住,10000,2932,持分移轉,08020012
RPRNMLNLPHKGFCU37DA,玉城段,143.00,,1,1,全筆移轉,12980020
RPOPMLLLPHKGFAU86DA,林森段,61.96,都市：住,10000,2356,持分移轉,08020012
RPWNMLNLPHKGFAU67DA,慶豐段,100.00,都市：住,1,1,全筆移轉,04520007
RPQNMLRKPHKGFCU57DA,玉城段,47.33,都市：其他:住宅區,100000,10930,持分移轉,11680000
RPUNMLPLPHKGFAU67DA,林森段,19.50,都市：住,10,1,持分移轉,17560000
RPPPMLLLPHKGFAU96DA,林森段,61.96,都市：住,10000,2356,持分移轉,08020012
RPSNMLNLPHKGFCU47DA,玉城段,163.00,,1,1,全筆移轉,12980021
RPPNMLPLPHKGFAU27EA,自強段,53.00,都市：住,1,1,全筆移轉,07270001
RPWNMLOLPHKGFAU77DA,林森段,15.00,都市：住,2,1,持分移轉,07600001
RPQNMLSLPHKGFAU57DA,富國段,12.67,都市：住,10000,124,持分移轉,00630000
RPWNMLOLPHKGFAU77DA,林森段,31.50,都市：住,2,1,持分移轉,07780000
RPWNMLOLPHKGFAU77DA,林森段,36.50,都市：住,2,1,持分移轉,07800000
RPWNMLOLPHKGFAU77DA,林森段,15.00,都市：住,2,1,持分移轉,07810000
RPWNMLOLPHKGFAU77DA,林森段,45.00,都市：住,2,1,持分移轉,07820000
RPPNMLPLOHKGFAU17EA,林森段,62.00,都市：住,1,1,全筆移轉,05080000
RPQNMLSLPHKGFBU67DA,鳳信段,226.56,非都市：特定農業區 ; 非都市編定：農牧用地,194511,22656,持分移轉,06790000
RPQNMLSLPHKGFBU67DA,鳳信段,106.17,非都市：特定農業區 ; 非都市編定：甲種建築用地,1,1,全筆移轉,07030000
RPUNMLLLPHKGFCU47DA,禹中段,181.38,非都市：特定農業區 ; 非都市編定：水利用地,1,1,全筆移轉,00350001
RPTNMLTLPHKGFAU97DA,宜昌段,54.67,都市：住,3,1,持分移轉,06760000
RPTNMLTLPHKGFAU97DA,宜昌段,42.00,都市：住,3,1,持分移轉,06760001
RPXNMLLLPHKGFCU77DA,禹中段,20.07,非都市：特定農業區 ; 非都市編定：水利用地,1,1,全筆移轉,00390001
RPPNMLLLPHKGFCU96DA,禹中段,59.03,非都市：特定農業區 ; 非都市編定：水利用地,1,1,全筆移轉,00100001
RPVNMLLLPHKGFCU57DA,禹中段,173.35,非都市：特定農業區 ; 非都市編定：水利用地,1,1,全筆移轉,00380001
RPVNMLLLPHKGFCU57DA,禹中段,252.08,非都市：特定農業區 ; 非都市編定：水利用地,1,1,全筆移轉,00690001
SPPNMLLLPHKGFCU07DA,禹中段,117.38,非都市：特定農業區 ; 非都市編定：水利用地,1,1,全筆移轉,00130001
RPRNMLSLPHKGFBU77DA,新白陽段,1934.36,非都市：一般農業區 ; 非都市編定：農牧用地,1,1,全筆移轉,06220000
RPRNMLSLPHKGFBU77DA,新白陽段,2032.41,非都市：一般農業區 ; 非都市編定：農牧用地,1,1,全筆移轉,06230000
RPPOMLNLPHKGFAU07DA,福安段,127.00,都市：其他:住宅區,1,1,全筆移轉,13940000
RPSNMLSJQHKGFAU67DA,農墾段,465.04,非都市：一般農業區 ; 非都市編定：農牧用地,1,1,全筆移轉,04970000
RPSNMLSJQHKGFAU67DA,農墾段,5025.86,非都市：一般農業區 ; 非都市編定：農牧用地,1,1,全筆移轉,04980000
RPPOMLNLPHKGFAU07DA,福安段,10.00,都市：其他:住宅區,1,1,全筆移轉,14000001
RPTNMLPKQHKGFAU57DA,慶豐段,138.75,都市：住,20000,844,持分移轉,19960000
RPOOMLSJPHKGFAU27DA,樹人段,10.23,都市：商,10000,44,持分移轉,06350000
RPOOMLSJPHKGFAU27DA,樹人段,9.53,都市：住,10000,44,持分移轉,06390000
RPQNMLLKQHKGFCU07DA,大里段,4715.00,非都市：森林區 ; 非都市編定：農牧用地,1,1,全筆移轉,18460006
RPQNMLLKQHKGFCU07DA,大里段,370.00,非都市：森林區 ; 非都市編定：農牧用地,9,1,持分移轉,18460007
RPQNMLLKQHKGFCU07DA,大里段,277.78,非都市：森林區 ; 非都市編定：農牧用地,9,1,持分移轉,18540003
RPPOMLRLQHKGFAU57DA,康樂段,11.75,非都市：鄉村區 ; 非都市編定：乙種建築用地,340,10,持分移轉,02690000
RPRNMLSKQHKGFAU67DA,裕民段,108.00,都市：住,1,1,全筆移轉,06070001
RPPOMLRLQHKGFAU57DA,康樂段,41.32,非都市：一般農業區 ; 非都市編定：交通用地,340,10,持分移轉,02950000
RPPOMLRLQHKGFAU57DA,康樂段,56.83,非都市：鄉村區 ; 非都市編定：乙種建築用地,1,1,全筆移轉,03020000
RPPNMLRKPHKGFCU47DA,滿自然段,2493.00,非都市：山坡地保育區 ; 非都市編定：農牧用地,1,1,全筆移轉,00310000
RPVNMLLJQHKGFAU27DA,萬壽段一小段,2.23,非都市：鄉村區 ; 非都市編定：交通用地,1941,6,持分移轉,01580003
RPVNMLLJQHKGFAU27DA,萬壽段一小段,3.97,非都市：鄉村區 ; 非都市編定：交通用地,1941,6,持分移轉,01640002
RPPNMLPJOHKGFCU07DA,崙布山段,3470.91,非都市：山坡地保育區 ; 非都市編定：農牧用地,1,1,全筆移轉,06790000
RPVNMLLJQHKGFAU27DA,萬壽段一小段,199.00,非都市：鄉村區 ; 非都市編定：乙種建築用地,1,1,全筆移轉,01640015
RPVNMLLJQHKGFAU27DA,萬壽段一小段,8.49,非都市：鄉村區 ; 非都市編定：乙種建築用地,1941,6,持分移轉,01750000
RPVNMLLJQHKGFAU27DA,萬壽段一小段,3.25,非都市：鄉村區 ; 非都市編定：特定目的事業用地,1941,6,持分移轉,01760010
RPVNMLKKOHKGFAU07DA,忠孝段,533.65,都市：農,1,1,全筆移轉,09140000
RPPNMLMLNHKGFBU76DA,支亞干段,2554.46,非都市：一般農業區 ; 非都市編定：農牧用地,1,1,全筆移轉,17020000
RPQNMLKKOHKGFCU76DA,東豐南段,617.34,非都市：山坡地保育區 ; 非都市編定：丙種建築用地,1,1,全筆移轉,16640000
RPQNMLKKOHKGFCU76DA,東豐南段,1986.42,非都市：山坡地保育區 ; 非都市編定：農牧用地,1,1,全筆移轉,16650000
RPQNMLKKOHKGFCU76DA,東豐南段,218.43,非都市：山坡地保育區 ; 非都市編定：丙種建築用地,1,1,全筆移轉,16660000
RPPNMLRJNHKGFAU96DA,仁和段,945.00,都市：農,1,1,全筆移轉,01280000
RPPNMLRJNHKGFAU96DA,仁和段,415.00,都市：農,1,1,全筆移轉,01280001
RPPNMLRJNHKGFAU96DA,仁和段,415.00,都市：農,1,1,全筆移轉,01280002
RPPNMLRJNHKGFAU96DA,仁和段,415.00,都市：農,1,1,全筆移轉,01280003
RPPNMLRJNHKGFAU96DA,仁和段,415.00,都市：農,1,1,全筆移轉,01280004
RPPNMLRJNHKGFAU96DA,仁和段,415.00,都市：農,1,1,全筆移轉,01280005
RPPNMLRJNHKGFAU96DA,仁和段,711.02,都市：農,1,1,全筆移轉,01280006
RPPNMLRJNHKGFAU96DA,仁和段,592.93,都市：農,1,1,全筆移轉,01280007
RPQNMLNKOHKGFAU86DA,慶豐段,127.00,都市：住,1,1,全筆移轉,19670000
RPUNMLKKOHKGFAU96DA,林森段,43.63,都市：住,100000,5977,持分移轉,15110000
RPUNMLKKOHKGFAU96DA,林森段,15.72,都市：住,100000,5977,持分移轉,15580000
RPSNMLQKOHKGFAU37DA,溪口段,258.64,非都市：一般農業區 ; 非都市編定：甲種建築用地,1,1,全筆移轉,09030000
RPWNMLQKOHKGFAU77DA,嘉新段,128.00,都市：住,1,1,全筆移轉,02780000
RPPNMLNKOHKGFBU86DA,新庄段,961.40,非都市：特定農業區 ; 非都市編定：農牧用地,1,1,全筆移轉,04550000
RPTNMLRKOHKGFAU57DA,荖溪段,913.33,非都市：山坡地保育區 ; 非都市編定：農牧用地,1,1,全筆移轉,03890000
RPUNMLQKOHKGFAU57DA,慶豐段,159.00,都市：住,1,1,全筆移轉,02650016
RPUNMLQKOHKGFAU57DA,慶豐段,45.44,都市：其他:道路用地,9,1,持分移轉,02670000
RPPOMLTKOHKGFAU47DA,仁恥段,58.00,都市：住,1,1,全筆移轉,06380000
RPPOMLTKOHKGFAU47DA,仁恥段,7.00,都市：其他:道路用地,1,1,全筆移轉,06390000
RPWNMLRKOHKGFAU87DA,宜昌段,28.87,都市：住,100000,1860,持分移轉,02750000
RPWNMLRKOHKGFAU87DA,宜昌段,.06,都市：住,100000,1860,持分移轉,02760000
RPWNMLRKOHKGFAU87DA,宜昌段,2.46,都市：住,100000,1860,持分移轉,02820001
RPPNMLQKOHKGFBU27EA,馬遠段,5471.00,非都市：山坡地保育區 ; 非都市編定：農牧用地,1,1,全筆移轉,13330515
RPPNMLTKOHKGFCU57DA,玉城段,119.00,都市：其他:住宅區,1,1,全筆移轉,12980009
RPUNMLSKOHKGFAU77DA,裕民段,75.00,都市：其他:倉儲區,1,1,全筆移轉,01920008
RPQOMLRKOHKGFAU37DA,南埔段,133.00,非都市：特定農業區 ; 非都市編定：甲種建築用地,1,1,全筆移轉,32740087
RPPNMLLKOHKGFAU66EA,民心段,1305.00,都市：工,1,1,全筆移轉,05140000
RPPNMLLKOHKGFAU66EA,民心段,1259.00,都市：工,1,1,全筆移轉,05150000
RPUNMLOJOHKGFAU27DA,光華段二小段,15.07,非都市：工業區 ; 非都市編定：丁種建築用地,10000,378,持分移轉,01170004
RPUNMLOJOHKGFAU27DA,光華段二小段,17.09,非都市：工業區 ; 非都市編定：丁種建築用地,10000,378,持分移轉,01170005
RPOOMLTKOHKGFAU37DA,榮光段,1540.00,都市：農,1,1,全筆移轉,03410000
RPOOMLTKOHKGFAU37DA,榮光段,1472.78,都市：農,1,1,全筆移轉,03420000
RPTOMLTKOHKGFAU87DA,榮光段,1688.31,都市：農,1,1,全筆移轉,02790000
RPPNMLRKMHKGFCU27EA,瑞燕段,48.74,都市：其他:農業區,6,1,持分移轉,02010001
RPPNMLRKMHKGFCU27EA,瑞燕段,33.06,都市：其他:農業區,1,1,全筆移轉,02010004
RPPNMLTKOHKGFBU47DA,北林段,530.34,非都市：特定農業區 ; 非都市編定：丁種建築用地,1,1,全筆移轉,02440000
RPVNMLNLOHKGFAU47DA,格督尚段,616.64,非都市：一般農業區 ; 非都市編定：農牧用地,54,6,持分移轉,02660000
RPOOMLNLOHKGFAU86DA,新興段,29.92,都市：住,25,1,持分移轉,01280000
RPQNMLTKOHKGFBU57DA,北林段,1122.74,非都市：特定農業區 ; 非都市編定：丁種建築用地,1,1,全筆移轉,02410001
RPUNMLQLOHKGFAU67DA,民勤段,34.00,都市：住,1,1,全筆移轉,09130000
RPUNMLQLOHKGFAU67DA,民勤段,10.00,都市：其他:道路用地,1,1,全筆移轉,09130001
RPWNMLNLOHKGFAU57DA,莊敬段,13.17,都市：住,10000,384,持分移轉,01730000
RPWNMLNLOHKGFAU57DA,莊敬段,5.68,都市：住,10000,384,持分移轉,01780004
RPTNMLQJOHKGFAU37DA,德布克段,1143.10,都市：農,1,1,全筆移轉,08470000
RPPOMLOLOHKGFAU07DA,明義段,48.00,都市：商,1,1,全筆移轉,09070002
RPPOMLOLOHKGFAU07DA,明義段,3.00,都市：其他:道路用地,1,1,全筆移轉,09070003
RPXNMLPJOHKGFAU67DA,福興段,54.00,都市：住,1,1,全筆移轉,09830000
RPXNMLPJOHKGFAU67DA,福興段,17.00,都市：其他:道路用地,1,1,全筆移轉,09830001
RPSNMLNLOHKGFAU17DA,古魯社段,517.15,都市：住,1,1,全筆移轉,03380000
RPSNMLNLOHKGFAU17DA,古魯社段,30.13,都市：農,1,1,全筆移轉,03380001
UPPOMLKMMHKGFAU86DA,宜寧段,208.33,都市：其他:道路用地,6,5,持分移轉,06010000
SPPOMLKMMHKGFAU66DA,仁廉段,21.18,都市：其他:道路用地,11,1,持分移轉,12780000
RPPOMLKMMHKGFAU56DA,仁廉段,79.00,都市：其他:道路用地,2,1,持分移轉,08670000
RPQNMLPLOHKGFBU27DA,水車段,8869.14,非都市：一般農業區 ; 非都市編定：農牧用地,1,1,全筆移轉,00460000
TPPOMLKMMHKGFAU76DA,仁禮段,17.71,都市：其他:道路用地,7,1,持分移轉,03150000
RPPNMLKMOHKGFBU76DA,水車段,1514.91,非都市：一般農業區 ; 非都市編定：農牧用地,1,1,全筆移轉,13410001
RPPNMLKMOHKGFBU76DA,水車段,1514.91,非都市：一般農業區 ; 非都市編定：農牧用地,1,1,全筆移轉,13410002
RPXNMLKMOHKGFAU47DA,宜安段,102.00,都市：住,1,1,全筆移轉,02640006
RPXNMLKMOHKGFAU47DA,宜安段,8.00,都市：住,1,1,全筆移轉,02650001
RPPNMLKMOHKGFAU66DA,吉興段,424.80,都市：住,1,1,全筆移轉,08640000
RPQNMLOJPHKGFAU96DA,慈惠段,19.08,都市：住,100000,5606,持分移轉,05600015
RPQNMLOJPHKGFAU96DA,慈惠段,38.23,都市：住,100000,5606,持分移轉,05610015
RPRNMLNJPHKGFAU96DA,宜寧段,29.28,都市：商,100000,2628,持分移轉,04440000
RPRNMLNJPHKGFAU96DA,宜寧段,1.87,都市：商,100000,2628,持分移轉,04450000
RPSNMLKKPHKGFAU86DA,民意段,111.00,都市：住,1,1,全筆移轉,07360000
RPQNMLMLNHKGFAU76DA,富國段,85.00,都市：住,1,1,全筆移轉,01990004
RPSNMLNJPHKGFAU07DA,宜寧段,29.28,都市：商,100000,2628,持分移轉,04440000
RPQNMLMLNHKGFAU76DA,富國段,105.00,都市：住,1,1,全筆移轉,01990005
RPSNMLNJPHKGFAU07DA,宜寧段,1.87,都市：商,100000,2628,持分移轉,04450000
RPPNMLKKPHKGFAU56DA,初音段,601.28,非都市：特定農業區 ; 非都市編定：農牧用地,1,1,全筆移轉,01160000
RPSNMLLKPHKGFAU96DA,林森段,85.00,都市：商,1,1,全筆移轉,12220003
RPQNMLSJPHKGFAU37DA,永安段,60.79,非都市：鄉村區 ; 非都市編定：乙種建築用地,1,1,全筆移轉,05980000
RPQNMLSJPHKGFBU47DA,大安段,27.00,都市：其他:道路用地,1,1,全筆移轉,05460000
RPQNMLSJPHKGFBU47DA,大安段,229.00,都市：其他:農業區,1,1,全筆移轉,05460001
RPQNMLSJPHKGFBU47DA,大安段,101.00,都市：其他:農業區,1,1,全筆移轉,05460003
RPVNMLLKPHKGFAU27DA,吉興段,114.22,都市：住,1,1,全筆移轉,08480000
RPVNMLLKPHKGFAU27DA,吉興段,12.38,都市：住,1,1,全筆移轉,08490000
RPVNMLLKPHKGFAU27DA,吉興段,80.42,都市：住,1,1,全筆移轉,08630000
RPVNMLQKPHKGFAU77DA,慈安段,81.00,都市：住,1,1,全筆移轉,01640000
RPRNMLLJNHKGFAU56DA,東華段,86.07,都市：住,1,1,全筆移轉,04590000
RPRNMLLJNHKGFAU56DA,東華段,3.93,都市：其他:道路用地,1,1,全筆移轉,04590001
RPSNMLSKPHKGFAU67DA,嘉新段,319.00,都市：農,2,1,持分移轉,05860000
RPXNMLMJOHKGFAU37DA,新興段,149.89,都市：住,1,1,全筆移轉,00590000
RPTNMLSKPHKGFAU77DA,嘉新段,319.00,都市：農,2,1,持分移轉,05860000
RPTNMLTLNHKGFCU97DA,富安段,247.57,都市：其他:住宅區,1,1,全筆移轉,04730000
RPOOMLTKNHKGFAU27DA,太昌段,213.00,都市：住,1,1,全筆移轉,19110000
RPQNMLNLPHKGFBU17DA,宮下段,861.24,非都市：風景區 ; 非都市編定：農牧用地,1,1,全筆移轉,07810000
RPQNMLNLPHKGFBU17DA,宮下段,2150.00,非都市：風景區 ; 非都市編定：農牧用地,1,1,全筆移轉,09770000
RPQNMLNLPHKGFBU17DA,宮下段,748.75,非都市：風景區 ; 非都市編定：農牧用地,1,1,全筆移轉,11440000
RPQNMLNLPHKGFBU17DA,宮下段,429.45,非都市：風景區 ; 非都市編定：農牧用地,1,1,全筆移轉,11450000
RPPNMLOLPHKGFBU17DA,宮下段,5865.88,非都市：風景區 ; 非都市編定：農牧用地,1,1,全筆移轉,09990000
RPPNMLNLPHKGFBU07DA,宮下段,1200.01,非都市：風景區 ; 非都市編定：農牧用地,1,1,全筆移轉,10270000
RPPNMLNLPHKGFBU07DA,宮下段,1130.00,非都市：風景區 ; 非都市編定：農牧用地,1,1,全筆移轉,10280000
RPQNMLOLPHKGFBU27DA,宮下段,6600.00,非都市：風景區 ; 非都市編定：農牧用地,1,1,全筆移轉,11540000
RPPNMLPLPHKGFBU27DA,宮下段,2200.52,非都市：風景區 ; 非都市編定：農牧用地,1,1,全筆移轉,10000000
RPPNMLPLPHKGFBU27DA,宮下段,2504.43,非都市：風景區 ; 非都市編定：農牧用地,1,1,全筆移轉,10250000
RPVNMLRJPHKGFAU77DA,宜昌段,128.00,都市：住,1,1,全筆移轉,01260000
RPRNMLNLPHKGFBU27DA,宮下段,8233.40,非都市：風景區 ; 非都市編定：農牧用地,1,1,全筆移轉,07820000
RPRNMLNLPHKGFBU27DA,宮下段,1220.22,非都市：風景區 ; 非都市編定：農牧用地,1,1,全筆移轉,07840000
RPRNMLNLPHKGFBU27DA,宮下段,941.13,非都市：風景區 ; 非都市編定：農牧用地,1,1,全筆移轉,08560000
RPRNMLNLPHKGFBU27DA,宮下段,3331.00,非都市：風景區 ; 非都市編定：農牧用地,1,1,全筆移轉,09750000
RPRNMLNLPHKGFBU27DA,宮下段,1939.35,非都市：風景區 ; 非都市編定：農牧用地,1,1,全筆移轉,09910000
RPRNMLNLPHKGFBU27DA,宮下段,29893.81,非都市：風景區 ; 非都市編定：農牧用地,1,1,全筆移轉,09980000
RPRNMLNLPHKGFBU27DA,宮下段,2310.02,非都市：風景區 ; 非都市編定：農牧用地,1,1,全筆移轉,10210000
RPSNMLOKPHKGFAU27DA,永興段,26.80,非都市：鄉村區 ; 非都市編定：乙種建築用地,100000,1721,持分移轉,11890000
RPXNMLRJPHKGFAU97DA,永興段,97.68,非都市：特定農業區 ; 非都市編定：農牧用地,1,1,全筆移轉,06470000
RPWNMLRLNHKGFAU87DA,豐裡段,1100.00,非都市：一般農業區 ; 非都市編定：農牧用地,1,1,全筆移轉,16880002
RPXNMLRJPHKGFAU97DA,永興段,1070.61,非都市：特定農業區 ; 非都市編定：農牧用地,1,1,全筆移轉,06480000
RPRNMLNLPHKGFBU27DA,宮下段,6092.63,非都市：風景區 ; 非都市編定：農牧用地,1,1,全筆移轉,11420000
RPRNMLNLPHKGFBU27DA,宮下段,991.88,非都市：風景區 ; 非都市編定：農牧用地,1,1,全筆移轉,11430000
RPRNMLNLPHKGFBU27DA,宮下段,2296.02,非都市：風景區 ; 非都市編定：農牧用地,1,1,全筆移轉,11510000
RPRNMLNLPHKGFBU27DA,宮下段,62.70,非都市：風景區 ; 非都市編定：農牧用地,1,1,全筆移轉,11620001
RPPNMLRJPHKGFAU17DA,嘉北段,400.00,都市：住,1,1,全筆移轉,04390000
RPVOMLOLPHKGFAU77DA,草林段,191.23,都市：其他:綠地(帶),1,1,全筆移轉,00190000
RPVOMLOLPHKGFAU77DA,草林段,59.63,都市：工,1,1,全筆移轉,00230002
RPVOMLOLPHKGFAU77DA,草林段,906.19,都市：工,2,1,持分移轉,00260000
RPVOMLOLPHKGFAU77DA,草林段,906.19,都市：工,2,1,持分移轉,00260000
RPVOMLOLPHKGFAU77DA,草林段,710.33,都市：工,3,1,持分移轉,00270000
RPVOMLOLPHKGFAU77DA,草林段,1420.67,都市：工,3,2,持分移轉,00270000
RPSNMLOLPHKGFAU37DA,米棧段,583.38,非都市：山坡地保育區 ; 非都市編定：農牧用地,2,1,持分移轉,02350000
SPPNMLRJPHKGFAU27DA,嘉北段,363.00,都市：其他:道路用地,1,1,全筆移轉,04390001
SPWNMLOJPHKGFAU67DA,明義段,27.80,都市：住,10,1,持分移轉,00690000
RPWNMLOJPHKGFAU57DA,明義段,27.80,都市：住,10,1,持分移轉,00690000
RPWNMLOJPHKGFAU57DA,明義段,.30,都市：其他:道路用地,10,1,持分移轉,00690001
RPPNMLLMPHKGFAU86DA,慈濟段,53.37,都市：農,213490,53373,持分移轉,02260002
RPPNMLLMPHKGFAU86DA,慈濟段,88.95,都市：農,4,1,持分移轉,02260003
SPWNMLOJPHKGFAU67DA,明義段,.30,都市：其他:道路用地,10,1,持分移轉,00690001
TPPNMLRJPHKGFAU37DA,嘉北段,294.00,都市：住,1,1,全筆移轉,04390002
RPTNMLLLPHKGFCU37DA,禹中段,176.30,非都市：特定農業區 ; 非都市編定：水利用地,1,1,全筆移轉,00340001
RPSNMLLLPHKGFCU27DA,禹中段,115.21,非都市：特定農業區 ; 非都市編定：水利用地,1,1,全筆移轉,00310001
RPRNMLLLPHKGFCU17DA,禹中段,50.48,非都市：特定農業區 ; 非都市編定：水利用地,1,1,全筆移轉,00140001
RPWNMLLLPHKGFCU67DA,禹中段,91.17,非都市：特定農業區 ; 非都市編定：水利用地,1,1,全筆移轉,00760002
RPWNMLLLPHKGFCU67DA,禹中段,41.23,非都市：特定農業區 ; 非都市編定：水利用地,1,1,全筆移轉,00760003
RPUNMLOKQHKGFAU57DA,民享段,14.26,都市：其他:商業區,10000,256,持分移轉,05120000
RPRNMLTLQHKGFAU87DA,民德段,19.25,都市：住,20000,162,持分移轉,03650000
RPQNMLQLQHKGFCU67DA,埔頭段,5826.64,非都市：一般農業區 ; 非都市編定：農牧用地,1,1,全筆移轉,14450000
RPPNMLTLQHKGFCU87DA,瑞北段,3213.79,非都市：一般農業區 ; 非都市編定：農牧用地,1,1,全筆移轉,03480000
RPPNMLTLQHKGFCU87DA,瑞北段,4000.00,非都市：一般農業區 ; 非都市編定：農牧用地,1,1,全筆移轉,03480001
RPUNMLRJQHKGFAU77DA,仁禮段,152.00,都市：住,1,1,全筆移轉,09870004
RPVNMLQLQHKGFAU97DA,路內段,334.55,都市：農,1,1,全筆移轉,06380000
RPQNMLLJOHKGFBU66DA,林榮段,2500.00,非都市：一般農業區 ; 非都市編定：農牧用地,1,1,全筆移轉,06640003
RPVNMLQLQHKGFAU97DA,路內段,431.98,都市：農,1,1,全筆移轉,06390000
RPVNMLQLQHKGFAU97DA,路內段,811.84,都市：農,1,1,全筆移轉,06400000
RPVNMLQLQHKGFAU97DA,路內段,5.89,都市：農,1,1,全筆移轉,06410002
RPUNMLSJQHKGFAU87DA,富國段,8.51,都市：住,10000,60,持分移轉,01570000
RPRNMLLJOHKGFBU76DA,林榮段,2500.00,非都市：一般農業區 ; 非都市編定：農牧用地,1,1,全筆移轉,06640002
RPWNMLOKQHKGFAU77DA,莊敬段,41.86,都市：住,10000,908,持分移轉,02090000
RPSNMLLJOHKGFBU86DA,林榮段,2500.00,非都市：一般農業區 ; 非都市編定：農牧用地,1,1,全筆移轉,06640000
RPPNMLSLNHKGFBU37DA,支亞干段,3425.80,非都市：河川區 ; 非都市編定：農牧用地,1,1,全筆移轉,11170000
RPPNMLLJOHKGFBU56DA,林榮段,2500.00,非都市：一般農業區 ; 非都市編定：農牧用地,1,1,全筆移轉,06640001
RPPNMLLJOHKGFBU56DA,林榮段,3000.00,非都市：一般農業區 ; 非都市編定：農牧用地,1,1,全筆移轉,06640005
RPUQMLTLMHKGFAU08DA,莊敬段,13.79,都市：住,10000,577,持分移轉,05220000
RPRNMLNJOHKGFBU96DA,大興段,367.70,非都市：一般農業區 ; 非都市編定：甲種建築用地,1,1,全筆移轉,09520000
RPTNMLLJOHKGFBU96DA,林榮段,3127.51,非都市：一般農業區 ; 非都市編定：農牧用地,1,1,全筆移轉,06640004
RPPNMLTJOHKGFBU37DA,大安段,128.54,都市：其他:住宅區,1,1,全筆移轉,09570009
RPPNMLTJOHKGFBU37DA,大安段,40.17,都市：其他:住宅區,1,1,全筆移轉,09570031
RPXNMLRJNHKGFAU77DA,仁廉段,137.00,都市：住,1,1,全筆移轉,10490000
RPORMLTLMHKGFAU57DA,北濱段,82.00,都市：商,1,1,全筆移轉,07060000
RPORMLTLMHKGFAU57DA,北濱段,82.00,都市：商,1,1,全筆移轉,07060002
RPQNMLLKOHKGFAU66DA,慶豐段,78.50,都市：農,12,1,持分移轉,24030006
RPQNMLLKOHKGFAU66DA,慶豐段,43.00,都市：農,2,1,持分移轉,24030011
RPQNMLLKOHKGFAU66DA,慶豐段,349.00,都市：農,1,1,全筆移轉,24030012
RPSOMLNJOHKGFAU07DA,四維段,495.28,都市：農,1,1,全筆移轉,02760000
RPSOMLNJOHKGFAU07DA,四維段,769.30,都市：農,1,1,全筆移轉,02770000
RPSOMLNJOHKGFAU07DA,四維段,688.67,都市：農,1,1,全筆移轉,02790000
RPSOMLNJOHKGFAU07DA,四維段,1088.32,都市：農,1,1,全筆移轉,02800000
RPSOMLNJOHKGFAU07DA,四維段,972.25,都市：農,1,1,全筆移轉,02860000
RPQNMLMKOHKGFAU76DA,吉安段,22735.06,非都市：森林區 ; 非都市編定：國土保安用地,1,1,全筆移轉,61780000
RPUNMLNLOHKGFAU37DA,格督尚段,2500.00,非都市：一般農業區 ; 非都市編定：農牧用地,1,1,全筆移轉,05600000
RPOOMLQKOHKGFAU07DA,自強段,116.00,都市：住,1,1,全筆移轉,00330000
RPQOMLQKOHKGFAU27DA,宜寧段,28.79,都市：商,100000,2584,持分移轉,04440000
RPQOMLQKOHKGFAU27DA,宜寧段,1.83,都市：商,100000,2584,持分移轉,04450000
RPPNMLTKOHKGFAU37DA,東昌段,738.00,非都市：一般農業區 ; 非都市編定：農牧用地,1,1,全筆移轉,06080002
RPVNMLOKPHKGFAU57DA,四維段,80.79,都市：農,1,1,全筆移轉,04520000
RPWNMLSKOHKGFAU97DA,碧雲段,185.00,都市：住,1,1,全筆移轉,00640006
RPUNMLMJPHKGFAU17DA,民心段,807.00,都市：工,1,1,全筆移轉,01950045
RPVNMLQLOHKGFAU77DA,碧雲段,17.18,都市：商,22,1,持分移轉,04210000
RPVNMLQLOHKGFAU77DA,碧雲段,94.00,都市：商,1,1,全筆移轉,04210011
RPPNMLOJPHKGFCU07DA,玉城段,33.31,都市：其他:住宅區,100000,7693,持分移轉,11680000
SPQNMLQKPHKGFBU47DA,林榮段,295.58,非都市：一般農業區 ; 非都市編定：農牧用地,1,1,全筆移轉,07110000
RPVNMLSJPHKGFBU97DA,萬利段,194.52,非都市：鄉村區 ; 非都市編定：乙種建築用地,1,1,全筆移轉,06970000
RPVNMLSJPHKGFBU97DA,萬利段,194.52,非都市：鄉村區 ; 非都市編定：乙種建築用地,1,1,全筆移轉,06970001
RPSNMLOLPHKGFBU47DA,新紅葉段,238.85,非都市：風景區 ; 非都市編定：農牧用地,1,1,全筆移轉,02120000
RPSNMLOLPHKGFBU47DA,新紅葉段,2008.43,非都市：風景區 ; 非都市編定：農牧用地,1,1,全筆移轉,02250000
RPROMLOLPHKGFAU37DA,裕民段,8.35,都市：商,260,10,持分移轉,04970001
SPSNMLOLPHKGFBU57DA,新紅葉段,250.00,非都市：風景區 ; 非都市編定：農牧用地,1,1,全筆移轉,02250001
RPPNMLOJQHKGFCU17DA,瑞新段,93.00,都市：其他:住宅區,1,1,全筆移轉,03330000
RPQNMLQKPHKGFBU37DA,林榮段,350.08,非都市：鄉村區 ; 非都市編定：乙種建築用地,1,1,全筆移轉,07130000
RPPNMLOJQHKGFCU17DA,瑞新段,11.00,都市：其他:住宅區,1,1,全筆移轉,03340000
RPSNMLPKPHKGFAU37DA,四維段,141.98,都市：農,1,1,全筆移轉,04530000
RPWNMLQJQHKGFAU87DA,政明段,127.58,都市：住,1,1,全筆移轉,02080000
RPUNMLKLNHKGFAU96DA,國風段,261.00,都市：住,1,1,全筆移轉,14670000
RPVNMLQJQHKGFAU77DA,政明段,3685.98,都市：住,1,1,全筆移轉,02070000
RPVNMLQJQHKGFAU77DA,政明段,613.21,都市：住,1,1,全筆移轉,02110000
RPVNMLQJQHKGFAU77DA,政明段,163.44,都市：住,1,1,全筆移轉,02120000
RPRNMLPJOHKGFAU07DA,太昌段,359.00,都市：農,1,1,全筆移轉,18850000
RPRNMLPJOHKGFAU07DA,太昌段,19.00,都市：住,1,1,全筆移轉,18850001
RPRNMLLJQHKGFCU07DA,青山段,736.89,非都市：特定農業區 ; 非都市編定：農牧用地,8,2,持分移轉,03850000
RPRNMLLJQHKGFCU07DA,青山段,340.47,非都市：特定農業區 ; 非都市編定：農牧用地,8,2,持分移轉,03900000
RPRNMLLJQHKGFCU07DA,青山段,337.69,非都市：特定農業區 ; 非都市編定：農牧用地,8,2,持分移轉,03940000
RPRNMLLJQHKGFCU07DA,青山段,121.50,非都市：特定農業區 ; 非都市編定：農牧用地,8,2,持分移轉,06980000
RPRNMLLJQHKGFCU07DA,青山段,325.65,非都市：特定農業區 ; 非都市編定：農牧用地,8,2,持分移轉,07140000
RPPNMLMKOHKGFAU66DA,帛士林段,1017.40,非都市：鄉村區 ; 非都市編定：乙種建築用地,1,1,全筆移轉,05960000
RPRNMLNKOHKGFAU96DA,南華段,2686.74,非都市：特定農業區 ; 非都市編定：農牧用地,1,1,全筆移轉,09030000
RPRNMLNKOHKGFAU96DA,南華段,2686.75,非都市：特定農業區 ; 非都市編定：農牧用地,1,1,全筆移轉,09030001
RPVNMLKLOHKGFAU17DA,富國段,91.00,都市：住,1,1,全筆移轉,05690002
RPVNMLSJPHKGFAU87DA,慈濟段,258.41,都市：農,120,16,持分移轉,01910000
RPVNMLSJPHKGFAU87DA,慈濟段,22.93,都市：農,120,16,持分移轉,01920000
RPVNMLSJPHKGFAU87DA,慈濟段,466.42,都市：農,120,16,持分移轉,01960000
RPVNMLSJPHKGFAU87DA,慈濟段,1154.11,都市：農,120,16,持分移轉,02180000
RPRNMLTKOHKGFAU57DA,慈安段,84.00,都市：住,1,1,全筆移轉,13910000
RPVNMLSJPHKGFAU87DA,慈濟段,811.37,都市：農,120,16,持分移轉,02190000
RPQOMLOLPHKGFAU27DA,嘉南段,223.00,都市：住,1,1,全筆移轉,05960000
RPPNMLTLQHKGFAU67DA,仁愛段,928.56,非都市：一般農業區 ; 非都市編定：農牧用地,1,1,全筆移轉,08350000
RPWNMLPJRHKGFAU87DA,民心段,168.00,都市：其他:保護區,1,1,全筆移轉,00010122
RPTNMLOKMHKGFAU07DA,福安段,361.00,都市：其他:商業區,1,1,全筆移轉,01230000
RPTNMLOKMHKGFAU07DA,福安段,302.00,都市：其他:商業區,1,1,全筆移轉,01260000
RPQNMLTJOHKGFAU37DA,溪口段,971.14,非都市：一般農業區 ; 非都市編定：農牧用地,1,1,全筆移轉,01260000
RPQNMLTJOHKGFAU37DA,溪口段,1314.99,非都市：一般農業區 ; 非都市編定：農牧用地,1,1,全筆移轉,01270000
RPQNMLTJOHKGFAU37DA,溪口段,3464.19,非都市：一般農業區 ; 非都市編定：農牧用地,1,1,全筆移轉,01280000
RPQNMLTJOHKGFAU37DA,溪口段,2489.83,非都市：一般農業區 ; 非都市編定：農牧用地,1,1,全筆移轉,01300000
RPQNMLTJOHKGFAU37DA,大湖腳段,1877.54,非都市：一般農業區 ; 非都市編定：農牧用地,1,1,全筆移轉,12220000
RPQNMLKLOHKGFCU86DA,玉里段,2650.00,非都市：特定農業區 ; 非都市編定：農牧用地,1,1,全筆移轉,26690000
RPQNMLQKOHKGFAU17DA,永安段,30.35,非都市：一般農業區 ; 非都市編定：甲種建築用地,5,1,持分移轉,04580000
RPTOMLQKPHKGFAU67DA,慶豐段,422.60,都市：住,5,1,持分移轉,06350000
RPTOMLQKPHKGFAU67DA,慶豐段,19.20,都市：住,5,1,持分移轉,06390000
RPTOMLQKPHKGFAU67DA,慶豐段,129.20,都市：住,5,1,持分移轉,06400000
RPTOMLQKPHKGFAU67DA,慶豐段,114.60,都市：住,5,1,持分移轉,06450000
RPTNMLNJPHKGFAU17DA,宜寧段,28.79,都市：商,100000,2584,持分移轉,04440000
RPTNMLNJPHKGFAU17DA,宜寧段,1.83,都市：商,100000,2584,持分移轉,04450000
SPTOMLQKPHKGFAU77DA,慶豐段,42.40,都市：其他:道路用地,5,1,持分移轉,06360000
RPUNMLNJPHKGFAU27DA,宜寧段,28.79,都市：商,100000,2584,持分移轉,04440000
SPTOMLQKPHKGFAU77DA,慶豐段,25.00,都市：其他:道路用地,5,1,持分移轉,06370000
RPWOMLQKPHKGFAU97DA,慶豐段,422.60,都市：住,5,1,持分移轉,06350000
SPTOMLQKPHKGFAU77DA,慶豐段,9.80,都市：其他:道路用地,5,1,持分移轉,06380000
RPWOMLQKPHKGFAU97DA,慶豐段,19.20,都市：住,5,1,持分移轉,06390000
SPTOMLQKPHKGFAU77DA,慶豐段,12.20,都市：其他:河川區,5,1,持分移轉,06460000
RPWOMLQKPHKGFAU97DA,慶豐段,129.20,都市：住,5,1,持分移轉,06400000
RPWOMLQKPHKGFAU97DA,慶豐段,114.60,都市：住,5,1,持分移轉,06450000
RPUNMLNJPHKGFAU27DA,宜寧段,1.83,都市：商,100000,2584,持分移轉,04450000
SPROMLQKPHKGFAU57DA,慶豐段,42.40,都市：其他:道路用地,5,1,持分移轉,06360000
SPROMLQKPHKGFAU57DA,慶豐段,25.00,都市：其他:道路用地,5,1,持分移轉,06370000
SPROMLQKPHKGFAU57DA,慶豐段,9.80,都市：其他:道路用地,5,1,持分移轉,06380000
SPROMLQKPHKGFAU57DA,慶豐段,12.20,都市：其他:河川區,5,1,持分移轉,06460000
RPOPMLQKPHKGFAU27DA,慶豐段,422.60,都市：住,5,1,持分移轉,06350000
RPOPMLQKPHKGFAU27DA,慶豐段,19.20,都市：住,5,1,持分移轉,06390000
RPOPMLQKPHKGFAU27DA,慶豐段,129.20,都市：住,5,1,持分移轉,06400000
SPWOMLQKPHKGFAU08DA,慶豐段,42.40,都市：其他:道路用地,5,1,持分移轉,06360000
RPOPMLQKPHKGFAU27DA,慶豐段,114.60,都市：住,5,1,持分移轉,06450000
SPWOMLQKPHKGFAU08DA,慶豐段,25.00,都市：其他:道路用地,5,1,持分移轉,06370000
SPWOMLQKPHKGFAU08DA,慶豐段,9.80,都市：其他:道路用地,5,1,持分移轉,06380000
SPWOMLQKPHKGFAU08DA,慶豐段,12.20,都市：其他:河川區,5,1,持分移轉,06460000
SPOPMLQKPHKGFAU37DA,慶豐段,42.40,都市：其他:道路用地,5,1,持分移轉,06360000
RPPPMLQKPHKGFAU37DA,慶豐段,422.60,都市：住,5,1,持分移轉,06350000
SPOPMLQKPHKGFAU37DA,慶豐段,25.00,都市：其他:道路用地,5,1,持分移轉,06370000
RPPPMLQKPHKGFAU37DA,慶豐段,19.20,都市：住,5,1,持分移轉,06390000
SPOPMLQKPHKGFAU37DA,慶豐段,9.80,都市：其他:道路用地,5,1,持分移轉,06380000
RPPPMLQKPHKGFAU37DA,慶豐段,129.20,都市：住,5,1,持分移轉,06400000
SPOPMLQKPHKGFAU37DA,慶豐段,12.20,都市：其他:河川區,5,1,持分移轉,06460000
RPPPMLQKPHKGFAU37DA,慶豐段,114.60,都市：住,5,1,持分移轉,06450000
SPPPMLQKPHKGFAU47DA,慶豐段,42.40,都市：其他:道路用地,5,1,持分移轉,06360000
SPPPMLQKPHKGFAU47DA,慶豐段,25.00,都市：其他:道路用地,5,1,持分移轉,06370000
SPPPMLQKPHKGFAU47DA,慶豐段,9.80,都市：其他:道路用地,5,1,持分移轉,06380000
SPPPMLQKPHKGFAU47DA,慶豐段,12.20,都市：其他:河川區,5,1,持分移轉,06460000
RPTOMLLLPHKGFAU27DA,民心段,1806.00,都市：工,1,1,全筆移轉,04710000
RPXNMLKLQHKGFAU57DA,宜寧段,27.13,都市：商,100000,2435,持分移轉,04440000
RPXNMLKLQHKGFAU57DA,宜寧段,1.73,都市：商,100000,2435,持分移轉,04450000
RPSNMLNJOHKGFAU96DA,民意段,104.00,都市：住,1,1,全筆移轉,02800061
RPTNMLKLOHKGFAU96DA,慈雲段,1002.00,都市：農,1,1,全筆移轉,01380004
RPTNMLKLOHKGFAU96DA,慈雲段,430.00,都市：農,1,1,全筆移轉,01380005
RPRNMLNLPHKGFAU17DA,福安段,40.00,都市：其他:住宅區,1,1,全筆移轉,14180001
RPRNMLNLPHKGFAU17DA,福安段,141.00,都市：其他:住宅區,1,1,全筆移轉,14190000
RPRNMLNLPHKGFAU17DA,福安段,30.00,都市：其他:住宅區,1,1,全筆移轉,14220004
RPPNMLTJOHKGFCU47DA,清水段,8199.00,非都市：山坡地保育區 ; 非都市編定：農牧用地,1,1,全筆移轉,01880000
RPROMLQKPHKGFAU47DA,慶豐段,422.60,都市：住,5,1,持分移轉,06350000
RPROMLQKPHKGFAU47DA,慶豐段,19.20,都市：住,5,1,持分移轉,06390000
RPROMLQKPHKGFAU47DA,慶豐段,129.20,都市：住,5,1,持分移轉,06400000
RPROMLQKPHKGFAU47DA,慶豐段,114.60,都市：住,5,1,持分移轉,06450000
RPROMLNLOHKGFAU17DA,宜寧段,238.00,都市：其他:道路用地,1,1,全筆移轉,07500000
RPROMLQKOHKGFAU37DA,宜寧段,32.46,都市：商,100000,2914,持分移轉,04440000
RPPNMLKLQHKGFAU76DA,宜寧段,18.51,都市：商,100000,1662,持分移轉,04440000
RPROMLQKOHKGFAU37DA,宜寧段,2.07,都市：商,100000,2914,持分移轉,04450000
RPQNMLMLOHKGFAU86DA,宜寧段,27.13,都市：商,100000,2435,持分移轉,04440000
RPQNMLMLOHKGFAU86DA,宜寧段,1.73,都市：商,100000,2435,持分移轉,04450000
RPPNMLKLQHKGFAU76DA,宜寧段,1.18,都市：商,100000,1662,持分移轉,04450000
RPOOMLRJPHKGFAU17DA,嘉南段,141.00,都市：住,1,1,全筆移轉,05870000
RPPOMLKKPHKGFAU66DA,仁恥段,71.50,都市：其他:道路用地,2,1,持分移轉,05540000
RPUNMLSJPHKGFAU77DA,嘉南段,55.00,都市：其他:道路用地,1,1,全筆移轉,05850000
RPUNMLSJPHKGFAU77DA,嘉南段,1205.00,都市：住,1,1,全筆移轉,05880000
RPTOMLPLPHKGFAU67DA,慈安段,30.15,都市：住,100000,5050,持分移轉,15120000
RPQNMLLLPHKGFAU86DA,慈安段,27.04,都市：住,100000,4530,持分移轉,15120000
RPUOMLLLPHKGFAU37DA,慈安段,30.10,都市：住,100000,5042,持分移轉,15120000
RPROMLPLPHKGFAU47DA,慈安段,30.15,都市：住,100000,5050,持分移轉,15120000
RPUOMLPLPHKGFAU77DA,慈安段,27.04,都市：住,100000,4530,持分移轉,15120000
RPWOMLPLPHKGFAU97DA,慈安段,27.04,都市：住,100000,4530,持分移轉,15120000
RPTNMLLLPHKGFAU17DA,慈安段,27.04,都市：住,200000,9060,持分移轉,15120000
RPVNMLRLNHKGFAU77DA,古魯社段,1779.34,都市：農,1,1,全筆移轉,09760000
RPVNMLRLNHKGFAU77DA,古魯社段,1705.00,都市：農,1,1,全筆移轉,09770000
RPXNMLQJOHKGFAU77DA,宜寧段,27.13,都市：商,100000,2435,持分移轉,04440000
RPPOMLQJOHKGFAU07DA,宜寧段,18.50,都市：商,100000,1661,持分移轉,04440000
RPPOMLQJOHKGFAU07DA,宜寧段,1.18,都市：商,100000,1661,持分移轉,04450000
RPXNMLQJOHKGFAU77DA,宜寧段,1.73,都市：商,100000,2435,持分移轉,04450000
RPPOMLSKQHKGFAU57DA,永安段,509.51,非都市：一般農業區 ; 非都市編定：丁種建築用地,1,1,全筆移轉,11080000
RPPOMLOJQHKGFAU07DA,林森段,25.34,都市：住,747,26,持分移轉,03330000
RPOOMLQJOHKGFAU96DA,宜寧段,18.51,都市：商,100000,1662,持分移轉,04440000
RPOOMLQJOHKGFAU96DA,宜寧段,1.18,都市：商,100000,1662,持分移轉,04450000
RPSNMLNLNHKGFAU07DA,壽山段,4009.28,非都市：山坡地保育區 ; 非都市編定：農牧用地,1,1,全筆移轉,02870000
RPSNMLNLNHKGFAU07DA,壽山段,1230.21,非都市：山坡地保育區 ; 非都市編定：農牧用地,1,1,全筆移轉,02950000
RPSNMLNLNHKGFAU07DA,壽山段,1402.08,非都市：山坡地保育區 ; 非都市編定：農牧用地,1,1,全筆移轉,03010000
RPRNMLLLPHKGFAU96DA,慈安段,27.04,都市：住,100000,4530,持分移轉,15120000
RPQOMLLLPHKGFAU96DA,慈安段,27.04,都市：住,100000,4530,持分移轉,15120000
RPSOMLPLPHKGFAU57DA,慈安段,27.04,都市：住,100000,4530,持分移轉,15120000
RPQNMLMLQHKGFAU07DA,慈安段,27.04,都市：住,100000,4530,持分移轉,15120000
RPTNMLTJOHKGFAU67DA,宜寧段,27.13,都市：商,100000,2435,持分移轉,04440000
RPTNMLTJOHKGFAU67DA,宜寧段,1.73,都市：商,100000,2435,持分移轉,04450000
RPSOMLQJOHKGFAU37DA,宜寧段,28.79,都市：商,100000,2584,持分移轉,04440000
RPSOMLQJOHKGFAU37DA,宜寧段,1.83,都市：商,100000,2584,持分移轉,04450000
RPXOMLPLPHKGFAU08DA,慈安段,30.15,都市：住,100000,5050,持分移轉,15120000
RPSOMLLJQHKGFAU07DA,林森段,24.36,都市：住,747,25,持分移轉,03330000
RPRNMLLJPHKGFAU76DA,光榮段,34.96,都市：農,16,2,持分移轉,04880000
RPRNMLLJPHKGFAU76DA,光榮段,152.99,都市：農,1,1,全筆移轉,04880005
RPRNMLLJPHKGFAU76DA,光榮段,3.28,都市：農,16,2,持分移轉,04880010
RPRNMLLJPHKGFAU76DA,光榮段,11.52,都市：農,16,2,持分移轉,04880011
RPRNMLLJPHKGFAU76DA,光榮段,11.79,都市：農,16,2,持分移轉,04880014
RPQOMLQJOHKGFAU17DA,宜寧段,18.51,都市：商,100000,1662,持分移轉,04440000
RPSPMLLLPHKGFAU27DA,宜寧段,27.13,都市：商,100000,2435,持分移轉,04440000
RPQOMLQJOHKGFAU17DA,宜寧段,1.18,都市：商,100000,1662,持分移轉,04450000
RPSPMLLLPHKGFAU27DA,宜寧段,1.73,都市：商,100000,2435,持分移轉,04450000
RPUNMLMJRHKGFAU37DA,裕民段,8.79,都市：商,100000,2890,持分移轉,04550000
RPVNMLQJOHKGFAU57DA,宜寧段,32.46,都市：商,100000,2914,持分移轉,04440000
RPSOMLLLPHKGFAU17DA,慈安段,30.10,都市：住,100000,5042,持分移轉,15120000
RPVNMLQJOHKGFAU57DA,宜寧段,2.07,都市：商,100000,2914,持分移轉,04450000
RPPNMLOJPHKGFAU86DA,光榮段,34.96,都市：農,8,1,持分移轉,04880000
RPPNMLOJPHKGFAU86DA,光榮段,140.28,都市：農,1,1,全筆移轉,04880003
RPPNMLOJPHKGFAU86DA,光榮段,3.28,都市：農,8,1,持分移轉,04880010
RPPNMLOJPHKGFAU86DA,光榮段,11.52,都市：農,8,1,持分移轉,04880011
RPPNMLOJPHKGFAU86DA,光榮段,11.79,都市：農,8,1,持分移轉,04880014
RPVNMLLLPHKGFAU37DA,慈安段,27.04,都市：住,100000,4530,持分移轉,15120000
RPVNMLRKOHKGFAU77DA,光榮段,34.96,都市：農,8,1,持分移轉,04880000
RPVNMLRKOHKGFAU77DA,光榮段,149.63,都市：農,1,1,全筆移轉,04880004
RPVNMLRKOHKGFAU77DA,光榮段,3.28,都市：農,8,1,持分移轉,04880010
RPVNMLRKOHKGFAU77DA,光榮段,11.52,都市：農,8,1,持分移轉,04880011
RPVNMLRKOHKGFAU77DA,光榮段,11.79,都市：農,8,1,持分移轉,04880014
RPUNMLRKOHKGFAU67DA,光榮段,34.96,都市：農,8,1,持分移轉,04880000
RPUNMLRKOHKGFAU67DA,光榮段,169.94,都市：農,1,1,全筆移轉,04880002
RPUNMLRKOHKGFAU67DA,光榮段,3.28,都市：農,8,1,持分移轉,04880010
RPUNMLRKOHKGFAU67DA,光榮段,11.52,都市：農,8,1,持分移轉,04880011
RPUNMLRKOHKGFAU67DA,光榮段,11.79,都市：農,8,1,持分移轉,04880014
RPSOMLLJRHKGFAU17DA,裕民段,8.78,都市：商,100000,2887,持分移轉,04550000
RPPNMLMLOHKGFAU76DA,宜寧段,29.01,都市：商,100000,2604,持分移轉,04440000
RPPNMLMLOHKGFAU76DA,宜寧段,1.85,都市：商,100000,2604,持分移轉,04450000
RPSNMLKLOHKGFAU86DA,國風段,31.25,都市：住,10000,291,持分移轉,14500000
RPXNMLLJQHKGFAU47DA,林森段,24.36,都市：住,747,25,持分移轉,03330000
RPXNMLKLOHKGFAU37DA,宜寧段,33.21,都市：商,100000,2981,持分移轉,04440000
RPXNMLKLOHKGFAU37DA,宜寧段,2.12,都市：商,100000,2981,持分移轉,04450000
RPQOMLQKPHKGFAU37DA,光榮段,34.96,都市：農,8,1,持分移轉,04880000
RPQOMLQKPHKGFAU37DA,光榮段,174.77,都市：農,1,1,全筆移轉,04880009
RPQOMLQKPHKGFAU37DA,光榮段,3.28,都市：農,8,1,持分移轉,04880010
RPQOMLQKPHKGFAU37DA,光榮段,11.52,都市：農,8,1,持分移轉,04880011
RPQOMLQKPHKGFAU37DA,光榮段,11.79,都市：農,8,1,持分移轉,04880014
RPQNMLMJNHKGFAU56DA,嘉南段,2.29,都市：農,34,1,持分移轉,07060000
RPQOMLPLPHKGFAU37DA,慈安段,27.40,都市：住,100000,4590,持分移轉,15120000
RPOOMLOJOHKGFAU76DA,主權段,24.38,都市：住,100000,4818,持分移轉,04390000
RPQNMLMJNHKGFAU56DA,嘉南段,9.62,都市：農,34,1,持分移轉,07060002
RPXNMLOJQHKGFAU77DA,林森段,25.34,都市：住,747,26,持分移轉,03330000
RPQNMLMJNHKGFAU56DA,嘉南段,8.18,都市：農,22,1,持分移轉,07060048
RPOOMLOJOHKGFAU76DA,主權段,9.59,都市：住,100000,4818,持分移轉,04440000
RPQNMLMJNHKGFAU56DA,嘉南段,34.56,都市：農,100000,2186,持分移轉,07100000
RPPOMLLJRHKGFAU86DA,裕民段,9.04,都市：商,100000,2975,持分移轉,04550000
RPUOMLOJQHKGFAU57DA,林森段,31.19,都市：住,747,32,持分移轉,03330000
RPQNMLLJRHKGFAU86DA,裕民段,10.15,都市：商,100000,3339,持分移轉,04550000
RPPOMLQKOHKGFAU17DA,宜寧段,18.51,都市：商,100000,1662,持分移轉,04440000
RPPOMLQKOHKGFAU17DA,宜寧段,1.18,都市：商,100000,1662,持分移轉,04450000
RPQOMLLJRHKGFAU96DA,裕民段,9.80,都市：商,100000,3223,持分移轉,04550000
RPTOMLOJQHKGFAU47DA,林森段,25.34,都市：住,747,26,持分移轉,03330000
RPSNMLLLPHKGFAU07DA,慈安段,30.10,都市：住,100000,5042,持分移轉,15120000
RPOOMLOJQHKGFAU96DA,林森段,25.34,都市：住,747,26,持分移轉,03330000
RPVOMLLJQHKGFAU37DA,林森段,25.34,都市：住,747,26,持分移轉,03330000
RPXOMLLLPHKGFAU67DA,慈安段,30.10,都市：住,100000,5042,持分移轉,15120000
RPROMLLJRHKGFAU07DA,裕民段,10.03,都市：商,100000,3298,持分移轉,04550000
RPRNMLOKNHKGFAU96DA,嘉南段,2.29,都市：農,34,1,持分移轉,07060000
RPRNMLOKNHKGFAU96DA,嘉南段,9.62,都市：農,34,1,持分移轉,07060002
RPROMLLJQHKGFAU96DA,林森段,31.19,都市：住,747,32,持分移轉,03330000
RPRNMLOKNHKGFAU96DA,嘉南段,8.18,都市：農,22,1,持分移轉,07060048
RPRNMLOKNHKGFAU96DA,嘉南段,146.00,都市：農,1,1,全筆移轉,07060053
RPPOMLLMPHKGFAU96DA,林森段,31.19,都市：住,747,32,持分移轉,03330000
RPRNMLOKNHKGFAU96DA,嘉南段,113.01,都市：農,100000,7148,持分移轉,07100000
RPROMLOJQHKGFAU27DA,林森段,25.34,都市：其他:住宅區,747,26,持分移轉,03330000
RPVOMLQLNHKGFAU77DA,嘉南段,2.29,都市：農,34,1,持分移轉,07060000
RPVOMLQLNHKGFAU77DA,嘉南段,9.62,都市：農,34,1,持分移轉,07060002
RPVOMLQLNHKGFAU77DA,嘉南段,8.18,都市：農,22,1,持分移轉,07060048
RPVOMLQLNHKGFAU77DA,嘉南段,147.00,都市：農,1,1,全筆移轉,07060054
RPVOMLQLNHKGFAU77DA,嘉南段,113.01,都市：農,100000,7148,持分移轉,07100000
RPSNMLOJQHKGFAU27DA,林森段,24.36,都市：住,747,25,持分移轉,03330000
RPOOMLLJQHKGFAU66DA,林森段,25.34,都市：住,747,26,持分移轉,03330000
RPOOMLLMPHKGFAU86DA,林森段,25.34,都市：其他:住宅區,747,26,持分移轉,03330000
RPSOMLLMPHKGFAU27DA,林森段,25.34,都市：住,747,26,持分移轉,03330000
RPUNMLPJOHKGFAU37DA,主權段,24.10,都市：住,100000,4762,持分移轉,04390000
RPUNMLPJOHKGFAU37DA,主權段,9.48,都市：住,100000,4762,持分移轉,04440000
RPSNMLOKNHKGFAU07DA,嘉南段,2.29,都市：農,34,1,持分移轉,07060000
RPSNMLOKNHKGFAU07DA,嘉南段,9.62,都市：農,34,1,持分移轉,07060002
RPSNMLOKNHKGFAU07DA,嘉南段,8.18,都市：農,22,1,持分移轉,07060048
RPSNMLOKNHKGFAU07DA,嘉南段,138.00,都市：農,1,1,全筆移轉,07060055
RPSNMLOKNHKGFAU07DA,嘉南段,113.01,都市：農,100000,7148,持分移轉,07100000
RPVNMLNJPHKGFAU37DA,宜寧段,28.79,都市：商,100000,2584,持分移轉,04440000
RPVNMLNJPHKGFAU37DA,宜寧段,1.83,都市：商,100000,2584,持分移轉,04450000
RPSOMLKKPHKGFAU96DA,嘉南段,2.29,都市：農,34,1,持分移轉,07060000
RPSOMLKKPHKGFAU96DA,嘉南段,9.62,都市：農,34,1,持分移轉,07060002
RPSOMLKKPHKGFAU96DA,嘉南段,15.00,都市：農,1,1,全筆移轉,07060004
RPSOMLKKPHKGFAU96DA,嘉南段,8.18,都市：農,22,1,持分移轉,07060048
RPSOMLKKPHKGFAU96DA,嘉南段,35.71,都市：農,100000,2259,持分移轉,07100000
RPQNMLKLOHKGFAU66DA,國風段,21.69,都市：住,10000,202,持分移轉,14500000
RPSOMLOJQHKGFAU37DA,林森段,25.34,都市：住,747,26,持分移轉,03330000
RPWOMLLJQHKGFAU47DA,林森段,38.98,都市：其他:住宅區,747,40,持分移轉,03330000
RPXNMLLMPHKGFAU67DA,林森段,24.36,都市：其他:住宅區,747,25,持分移轉,03330000
RPWNMLLMPHKGFAU57DA,林森段,25.34,都市：住,747,26,持分移轉,03330000
RPTNMLOJQHKGFAU37DA,林森段,25.34,都市：住,747,26,持分移轉,03330000
RPPNMLSLQHKGFAU57DA,農墾段,1234.02,非都市：一般農業區 ; 非都市編定：農牧用地,1,1,全筆移轉,07060000
RPPNMLRJQHKGFAU27DA,宜寧段,29.28,都市：商,100000,2628,持分移轉,04440000
RPPNMLRJQHKGFAU27DA,宜寧段,1.87,都市：商,100000,2628,持分移轉,04450000
RPTNMLPLOHKGFAU47DA,宜寧段,29.28,都市：商,100000,2628,持分移轉,04440000
RPTNMLPLOHKGFAU47DA,宜寧段,1.87,都市：商,100000,2628,持分移轉,04450000
RPUNMLPJNHKGFAU27DA,嘉南段,2.29,都市：農,34,1,持分移轉,07060000
RPUNMLPJNHKGFAU27DA,嘉南段,9.62,都市：農,34,1,持分移轉,07060002
RPUNMLPJNHKGFAU27DA,嘉南段,4.25,都市：農,4,1,持分移轉,07060022
RPUNMLPJNHKGFAU27DA,嘉南段,15.00,都市：農,1,1,全筆移轉,07060033
RPUNMLPJNHKGFAU27DA,嘉南段,21.88,都市：農,16,1,持分移轉,07060039
RPUNMLPJNHKGFAU27DA,嘉南段,8.18,都市：農,22,1,持分移轉,07060048
RPUNMLPJNHKGFAU27DA,嘉南段,35.00,都市：農,1,1,全筆移轉,07060060
RPUNMLPJNHKGFAU27DA,嘉南段,118.26,都市：農,100000,7480,持分移轉,07100000
RPPOMLMJNHKGFAU56DA,嘉南段,2.29,都市：農,34,1,持分移轉,07060000
RPPOMLMJNHKGFAU56DA,嘉南段,9.62,都市：農,34,1,持分移轉,07060002
RPPOMLMJNHKGFAU56DA,嘉南段,8.18,都市：農,22,1,持分移轉,07060048
RPPOMLMJNHKGFAU56DA,嘉南段,126.00,都市：農,1,1,全筆移轉,07060056
RPPOMLMJNHKGFAU56DA,嘉南段,113.01,都市：農,100000,7148,持分移轉,07100000
RPWNMLRLQHKGFAU18DA,功學段,23.42,都市：其他:農業區,1,1,全筆移轉,01540002
RPPNMLNJQHKGFCU07DA,新舞鶴段,212.85,非都市：鄉村區 ; 非都市編定：乙種建築用地,10,5,持分移轉,18000000
RPOOMLQLQHKGFAU37DA,仁禮段,60.83,都市：住,6,5,持分移轉,08720009
RPOOMLQLQHKGFAU37DA,仁禮段,.90,都市：其他:人行步道,10,1,持分移轉,08750000
RPOOMLSJQHKGFAU37DA,南埔段,73.00,非都市：特定農業區 ; 非都市編定：甲種建築用地,1,1,全筆移轉,26650011
